SEASON_ID,Player_ID,Game_ID,GAME_DATE,MIN,FGM,FGA,FG_PCT,FG3M,FG3A,FG3_PCT,FTM,FTA,FT_PCT,OREB,DREB,REB,AST,STL,BLK,TOV,PF,PTS,PLUS_MINUS,VIDEO_AVAILABLE,SEASON,SEASON_TYPE,OPP,HOME,Block_Stat,OPP_RA_FGA,MIN_EMA_5,BLK_EMA_5,OPP_PACE,BLK_RATE_EMA_10,FGA_EMA_5,REB_EMA_5,PF_EMA_5,STL_EMA_5,TOV_EMA_5,BLK_EMA_x_RA_FGA,MIN_EMA_x_RA_FGA,BLK_RATE_x_RA_FGA,MIN_EMA_x_PACE
42022,1626157,0042200141,2023-04-16,30,5,15,0.333,1,7,0.143,0,2,0.0,1,9,10,2,0,0,4,2,11,-11,1,2022-23,Playoffs,DEN,0,0,22.6,,,95.18,,,,,,,,,,
42022,1626157,0042200142,2023-04-19,34,3,12,0.25,2,5,0.4,2,2,1.0,1,11,12,2,0,1,5,5,10,-9,1,2022-23,Playoffs,DEN,0,1,22.6,30.0,0.0,95.18,0.0,15.0,10.0,2.0,0.0,4.0,0.0,678.0,0.0,2855.4
42022,1626157,0042200143,2023-04-21,42,10,17,0.588,2,4,0.5,5,5,1.0,1,6,7,1,1,1,4,2,27,-10,1,2022-23,Playoffs,DEN,1,1,22.6,31.333333333333336,0.3333333333333333,95.18,0.18181818181818182,14.000000000000002,10.666666666666668,3.0,0.0,4.333333333333334,7.533333333333333,708.1333333333334,4.109090909090909,2982.3066666666673
42022,1626157,0042200144,2023-04-23,36,5,9,0.556,0,2,0.0,7,10,0.7,2,9,11,2,1,1,2,6,17,-7,1,2022-23,Playoffs,DEN,1,1,22.6,34.88888888888889,0.5555555555555556,95.18,0.3305785123966942,15.000000000000002,9.444444444444446,2.666666666666667,0.3333333333333333,4.222222222222223,12.555555555555557,788.488888888889,7.47107438016529,3320.724444444445
42022,1626157,0042200145,2023-04-25,38,9,17,0.529,1,6,0.167,7,9,0.778,1,10,11,3,1,1,3,6,26,-9,1,2022-23,Playoffs,DEN,0,1,22.6,35.25925925925927,0.7037037037037037,95.18,0.4522915101427498,13.000000000000002,9.962962962962965,3.777777777777778,0.5555555555555556,3.4814814814814823,15.903703703703705,796.8592592592595,10.221788129226146,3355.9762962962973
22023,1626157,0022300069,2023-10-25,36,8,25,0.32,2,10,0.2,1,1,1.0,2,8,10,3,0,4,4,2,19,-1,1,2023-24,Regular Season,TOR,0,1,28.5,36.17283950617285,0.8024691358024691,99.91,0.5518748719349771,14.333333333333336,10.308641975308644,4.518518518518519,0.7037037037037037,3.3209876543209886,22.87037037037037,1030.925925925926,15.728433850146846,3614.028395061729
22023,1626157,0022300093,2023-10-28,31,5,12,0.417,1,4,0.25,1,2,0.5,0,10,10,2,1,0,1,3,12,6,1,2023-24,Regular Season,MIA,1,0,21.4,36.11522633744857,1.868312757201646,96.88,0.6333521679467994,17.88888888888889,10.20576131687243,3.679012345679013,0.4691358024691359,3.5473251028806594,39.98189300411522,772.8658436213993,13.553736394061506,3498.8431275720172
22023,1626157,0022300104,2023-10-30,36,7,17,0.412,1,3,0.333,1,1,1.0,2,8,10,3,1,0,0,2,16,-8,1,2023-24,Regular Season,ATL,0,0,27.1,34.410150891632384,1.2455418381344308,100.84,0.5181972283201085,15.925925925925927,10.137174211248286,3.4526748971193424,0.6460905349794239,2.6982167352537734,33.75418381344308,932.5150891632377,14.043144887474941,3469.91961591221
22023,1626157,0022300123,2023-11-01,31,7,19,0.368,1,4,0.25,6,6,1.0,2,6,8,4,2,0,1,2,21,22,1,2023-24,Regular Season,DEN,1,0,28.6,34.940100594421594,0.8303612254229539,97.43,0.4239795504437251,16.283950617283953,10.091449474165525,2.968449931412895,0.7640603566529494,1.7988111568358491,23.74833104709648,999.2868770004576,12.125815142690538,3404.214000914496
22023,1626157,0022300138,2023-11-04,32,7,14,0.5,2,6,0.333,9,10,0.9,0,7,7,1,2,0,2,4,25,24,1,2023-24,Regular Season,UTA,1,0,24.4,33.6267337296144,0.5535741502819693,100.26,0.34689235945395686,17.189300411522638,9.394299649443685,2.6456332876085966,1.176040237768633,1.5325407712238996,13.50720926688005,820.4923030025914,8.464173570676547,3371.41632373114
22023,1626157,0022300154,2023-11-06,28,3,10,0.3,1,7,0.143,0,0,0.0,0,10,10,3,0,0,7,6,7,-5,1,2023-24,Regular Season,BOS,1,0,24.1,33.08448915307627,0.3690494335213129,97.98,0.28382102137141924,16.126200274348427,8.59619976629579,3.0970888584057312,1.4506934918457555,1.6883605141492666,8.894091347863641,797.3361885891381,6.840086615051204,3241.618247218413
22023,1626157,0022300166,2023-11-08,28,9,12,0.75,4,5,0.8,1,2,0.5,0,3,3,0,0,1,3,6,23,12,1,2023-24,Regular Season,NOP,1,1,26.7,31.389659435384182,0.2460329556808753,98.7,0.23221719930388846,14.084133516232287,9.064133177530527,4.064725905603821,0.967128994563837,3.4589070094328442,6.56907991667937,838.1039069247577,6.200199221413822,3098.159386272419
22023,1626157,0022300013,2023-11-10,34,11,21,0.524,3,7,0.429,4,4,1.0,1,11,12,2,0,0,3,1,29,1,1,2023-24,Regular Season,SAS,0,0,27.9,30.259772956922788,0.4973553037872502,101.8,0.3718140721577269,13.389422344154859,7.042755451687019,4.709817270402548,0.6447526630425581,3.3059380062885633,13.876212975664279,844.2476654981457,10.37361261320058,3080.44488701474
22023,1626157,0022300186,2023-11-12,37,8,14,0.571,2,3,0.667,3,3,1.0,2,12,14,3,2,1,1,1,21,11,1,2023-24,Regular Season,GSW,0,1,22.9,31.506515304615192,0.3315702025248335,99.91,0.3042115135835947,15.926281562769907,8.69517030112468,3.4732115136016986,0.42983510869503877,3.2039586708590426,7.592957637818686,721.4992004756879,6.966443661064319,3147.8159440841036
22023,1626157,0022300025,2023-11-14,42,12,26,0.462,5,12,0.417,4,4,1.0,1,10,11,2,2,0,5,1,33,8,1,2023-24,Regular Season,GSW,0,0,22.9,33.33767686974346,0.5543801350165557,99.91,0.43071851111385023,15.284187708513272,10.463446867416453,2.648807675734466,0.9532234057966925,2.4693057805726952,12.695305091879124,763.4328003171253,9.86345390450717,3330.767296056069
22023,1626157,0022300197,2023-11-15,31,10,17,0.588,0,4,0.0,5,5,1.0,1,6,7,2,0,0,1,3,25,-14,1,2023-24,Regular Season,PHX,0,0,23.1,36.22511791316231,0.36958675667770385,99.0,0.35240605454769564,18.85612513900885,10.642297911610969,2.099205117156311,1.302148937197795,3.312870520381797,8.53745407925496,836.8002237940493,8.14057986005177,3586.2866734030686
22023,1626157,0022300203,2023-11-18,33,10,11,0.909,2,2,1.0,7,8,0.875,2,4,6,9,0,2,0,5,29,9,1,2023-24,Regular Season,NOP,0,1,26.7,34.483411942108205,0.24639117111846925,98.7,0.28833222644811457,18.237416759339233,9.428198607740647,2.3994700781042075,0.8680992914651968,2.5419136802545315,6.578644268863129,920.707098854289,7.6984704461646585,3403.51275868608
22023,1626157,0022300221,2023-11-20,36,6,10,0.6,2,3,0.667,6,7,0.857,0,5,5,4,3,2,3,6,20,14,1,2023-24,Regular Season,NYK,1,1,25.7,33.98894129473881,0.8309274474123128,95.96,0.4177263670939119,15.824944506226156,8.285465738493766,3.266313385402805,0.578732860976798,1.6946091201696878,21.35483539849644,873.5157912747874,10.735567634313536,3261.578806643136
22023,1626157,0022300232,2023-11-22,36,9,19,0.474,1,2,0.5,4,5,0.8,0,11,11,3,2,2,4,5,23,18,1,2023-24,Regular Season,PHI,1,1,28.0,34.65929419649254,1.2206182982748752,98.17,0.5235943003495642,13.883296337484104,7.190310492329178,4.177542256935204,1.3858219073178655,2.1297394134464587,34.17731235169651,970.4602375017911,14.6606404097878,3402.5029112696725
22023,1626157,0022300050,2023-11-24,38,9,15,0.6,4,5,0.8,5,5,1.0,1,10,11,4,0,0,4,3,27,-8,1,2023-24,Regular Season,SAC,1,0,23.4,35.10619613099503,1.4804121988499168,99.46,0.6102135184678252,15.588864224989404,8.46020699488612,4.451694837956802,1.5905479382119103,2.753159608964306,34.64164545308805,821.4849894652837,14.27899633214711,3491.6622671887653
22023,1626157,0022300249,2023-11-26,26,7,11,0.636,1,3,0.333,3,3,1.0,0,8,8,2,1,1,4,5,18,7,1,2023-24,Regular Season,MEM,0,1,25.5,36.070797420663354,0.9869414658999447,98.68,0.4992656060191297,15.392576149992937,9.306804663257413,3.9677965586378687,1.0603652921412736,3.1687730726428707,25.167007380448588,919.8053342269155,12.731272953487808,3559.46628947106
22023,1626157,0022300058,2023-11-28,32,2,8,0.25,1,3,0.333,8,8,1.0,0,10,10,3,0,0,6,4,13,12,1,2023-24,Regular Season,OKC,1,0,26.8,32.7138649471089,0.9912943105999632,100.85,0.5903082231065606,13.928384099995293,8.871203108838277,4.311864372425246,1.0402435280941824,3.4458487150952473,26.566687524079015,876.7315805825186,15.820260379255824,3299.1932799159326
22023,1626157,0022300270,2023-11-30,37,12,22,0.545,4,7,0.571,4,5,0.8,4,7,11,4,2,1,4,3,32,9,1,2023-24,Regular Season,UTA,1,1,24.4,32.47590996473927,0.6608628737333089,100.26,0.4829794552690041,11.95225606666353,9.247468739225518,4.207909581616831,0.6934956853961217,4.297232476730165,16.125054119092734,792.4122031396382,11.784698708563699,3256.0347330647596
22023,1626157,0022300281,2023-12-02,32,12,23,0.522,4,8,0.5,0,0,0.0,3,4,7,5,0,0,3,3,28,12,1,2023-24,Regular Season,CHA,0,0,26.4,33.98393997649285,0.7739085824888726,97.81,0.5769831906746397,15.301504044442353,9.831645826150346,3.805273054411221,1.1289971235974146,4.198154984486777,20.431186577706235,897.1760153794112,15.232356233810487,3323.9691691007656
22023,1626157,0022301210,2023-12-06,32,5,6,0.833,2,3,0.667,2,3,0.667,1,9,10,2,0,1,6,2,14,-14,1,2023-24,Regular Season,SAS,1,1,27.9,33.32262665099523,0.5159390549925819,101.8,0.47207715600652334,17.867669362961568,8.88776388410023,3.5368487029408144,0.7526647490649431,3.7987699896578517,14.394699634293033,929.7012835627669,13.170952652582,3392.2433930713146
22023,1626157,0022301221,2023-12-08,29,7,14,0.5,2,4,0.5,8,9,0.889,2,5,7,5,1,0,1,4,24,17,1,2023-24,Regular Season,MEM,0,0,25.5,32.88175110066349,0.677292703328388,98.68,0.5680631276417009,13.911779575307714,9.258509256066821,3.0245658019605433,0.5017764993766288,4.532513326438568,17.270963934873894,838.4846530669191,14.485609754863372,3244.7711986134736
22023,1626157,0022300301,2023-12-11,33,5,11,0.455,1,3,0.333,6,7,0.857,3,9,12,1,0,0,1,6,17,-12,1,2023-24,Regular Season,NOP,0,0,26.7,31.587834067108997,0.45152846888559206,98.7,0.464778922615937,13.941186383538476,8.505672837377881,3.349710534640362,0.6678509995844193,3.355008884292379,12.055810119245308,843.3951695918101,12.409597233845517,3117.7192224236583
22023,1626157,0022300321,2023-12-14,31,8,14,0.571,1,3,0.333,4,5,0.8,5,12,17,2,0,0,3,1,21,11,1,2023-24,Regular Season,DAL,0,0,23.6,32.05855604473933,0.3010189792570614,100.6,0.3802736639584939,12.960790922358985,9.670448558251922,4.233140356426908,0.44523399972294625,2.5700059228615864,7.104047910466649,756.5819226558483,8.974458469420457,3225.090738100777
22023,1626157,0022300338,2023-12-16,35,15,25,0.6,2,3,0.667,8,8,1.0,5,7,12,4,3,2,3,2,40,18,1,2023-24,Regular Season,IND,1,1,29.9,31.705704029826222,0.2006793195047076,102.16,0.31113299778422226,13.307193948239323,12.113632372167947,3.1554269042846057,0.2968226664819642,2.7133372819077244,6.000311653190757,948.000550491804,9.302876633748244,3239.0547236870466
22023,1626157,0022300353,2023-12-18,32,7,14,0.5,1,4,0.25,3,3,1.0,4,4,8,2,1,0,1,3,18,-3,1,2023-24,Regular Season,MIA,0,0,21.4,32.80380268655082,0.800452879669805,96.88,0.4363815436416364,17.20479596549288,12.075754914778633,2.770284602856404,1.1978817776546429,2.8088915212718164,17.129691624933827,702.0013774921874,9.338565033931019,3178.032404273043
22023,1626157,0022300367,2023-12-20,38,9,14,0.643,1,2,0.5,4,5,0.8,3,10,13,2,0,0,4,4,23,8,1,2023-24,Regular Season,PHI,0,0,28.0,32.535868457700545,0.5336352531132035,98.17,0.3570394447977025,16.13653064366192,10.717169943185755,2.8468564019042697,1.1319211851030953,2.2059276808478776,14.941787087169697,911.0043168156153,9.99710445433567,3194.0462064924627
22023,1626157,0022300380,2023-12-21,33,7,17,0.412,2,6,0.333,5,6,0.833,0,6,6,4,1,0,0,3,21,12,1,2023-24,Regular Season,LAL,1,0,28.5,34.357245638467035,0.3557568354088024,101.38,0.2921231821072111,15.424353762441282,11.47811329545717,3.2312376012695134,0.7546141234020636,2.8039517872319184,10.139069809150868,979.1815006963105,8.325510690055516,3483.137562827788
22023,1626157,0022300411,2023-12-26,29,5,10,0.5,0,2,0.0,6,6,1.0,2,4,6,1,0,0,5,2,16,-11,1,2023-24,Regular Season,OKC,0,0,26.8,33.90483042564469,0.2371712236058683,100.85,0.23900987626953635,15.949569174960855,9.652075530304781,3.1541584008463426,0.8364094156013757,1.8693011914879458,6.35618879263727,908.6494554072777,6.405464684023574,3419.3021484262667
22023,1626157,0022300423,2023-12-28,27,3,12,0.25,2,6,0.333,2,4,0.5,2,6,8,3,0,0,5,5,10,14,1,2023-24,Regular Season,DAL,1,0,23.6,32.26988695042979,0.15811414907057889,100.6,0.19555353512962062,13.966379449973903,8.434717020203188,2.769438933897562,0.5576062770675839,2.912867460991964,3.731493918065662,761.5693320301432,4.615063429059047,3246.350627213237
22023,1626157,0022300443,2023-12-30,29,3,7,0.429,1,4,0.25,2,2,1.0,2,7,9,2,0,0,5,5,9,-23,1,2023-24,Regular Season,LAL,1,0,28.5,30.513257966953198,0.10540943271371928,101.38,0.15999834692423504,13.310919633315937,8.289811346802125,3.512959289265041,0.371737518045056,3.608578307327976,3.004168832340999,869.6278520581661,4.559952887340699,3093.4340926897153
22023,1626157,0022300451,2024-01-01,32,10,18,0.556,3,5,0.6,6,6,1.0,1,5,6,3,0,0,3,5,29,4,1,2023-24,Regular Season,NYK,0,0,25.7,30.008838644635468,0.07027295514247953,95.96,0.13090773839255593,11.207279755543958,8.526540897868085,4.008639526176694,0.24782501203003737,4.072385538218651,1.8060149471617237,771.2271531671315,3.3643288766886874,2879.6481563392194
22023,1626157,0022300471,2024-01-03,36,8,19,0.421,0,4,0.0,6,7,0.857,2,4,6,2,0,0,1,2,22,-18,1,2023-24,Regular Season,NOP,1,0,26.7,30.672559096423647,0.046848636761653024,98.7,0.10710633141209121,13.471519837029305,7.684360598578723,4.3390930174511295,0.1652166746866916,3.7149236921457676,1.2508586015361358,818.9573278745114,2.8597390487028354,3027.381582817014
22023,1626157,0022300485,2024-01-05,31,8,17,0.471,1,4,0.25,5,5,1.0,2,6,8,6,0,1,4,2,22,11,1,2023-24,Regular Season,HOU,0,1,28.1,32.4483727309491,0.031232424507768686,99.59,0.08763245297352916,15.314346558019537,7.12290706571915,3.55939534496742,0.11014444979112775,2.8099491280971787,0.8776311286683002,911.7992737396698,2.4624719285561696,3231.5334402752214
22023,1626157,0022300501,2024-01-07,27,8,16,0.5,3,9,0.333,5,6,0.833,0,7,7,1,0,2,3,5,24,-6,1,2023-24,Regular Season,DAL,0,1,23.6,31.965581820632735,0.3541549496718458,100.6,0.25351746152379656,15.876231038679691,7.4152713771461,3.0395968966449467,0.07342963319408517,3.206632752064786,8.358056812255562,754.3877309669326,5.983012091961599,3215.737531155653
22023,1626157,0022300513,2024-01-09,34,11,19,0.579,5,5,1.0,1,1,1.0,1,5,6,5,3,0,2,2,28,28,1,2023-24,Regular Season,ORL,0,0,29.1,30.310387880421825,0.9027699664478972,97.37,0.3892415594285608,15.917487359119795,7.276847584764067,3.693064597763298,0.04895308879605679,3.1377551680431908,26.27060602363381,882.0322873202751,11.326929379371121,2951.3224679166733
22023,1626157,0022300517,2024-01-10,44,8,17,0.471,2,7,0.286,7,7,1.0,1,12,13,6,2,0,1,6,25,-5,1,2023-24,Regular Season,BOS,0,0,24.1,31.540258586947886,0.6018466442985982,97.98,0.3184703668051861,16.94499157274653,6.851231723176045,3.128709731842199,1.0326353925307046,2.7585034453621273,14.504504127596219,760.1202319454441,7.675135840004986,3090.314536349154
22023,1626157,0022300538,2024-01-12,28,7,8,0.875,3,3,1.0,6,7,0.857,1,7,8,1,2,0,0,2,23,38,1,2023-24,Regular Season,POR,1,0,27.4,35.693505724631926,0.40123109619906555,97.88,0.26056666374969767,16.963327715164354,8.90082114878403,4.0858064878948,1.3550902616871365,2.1723356302414185,10.993732035854396,978.0020568549147,7.139526586741716,3493.680340326973
22023,1626157,0022300553,2024-01-14,37,7,12,0.583,2,4,0.5,1,2,0.5,0,6,6,5,0,0,4,4,17,12,1,2023-24,Regular Season,LAC,1,0,,33.12900381642129,0.2674873974660437,,0.21319090670429808,13.97555181010957,8.600547432522687,3.3905376585965334,1.570060174458091,1.4482237534942792,,,,
22023,1626157,0022300569,2024-01-17,31,10,17,0.588,5,5,1.0,2,2,1.0,2,4,6,4,0,0,1,2,27,7,1,2023-24,Regular Season,DET,0,0,26.3,34.419335877614195,0.17832493164402916,100.45,0.17442892366715296,13.317034540073047,7.733698288348458,3.593691772397689,1.0467067829720609,2.298815835662853,4.689945702237967,905.2285335812534,4.587480692446123,3457.422288906346
22023,1626157,0022300582,2024-01-18,29,5,12,0.417,2,5,0.4,2,3,0.667,0,7,7,2,0,1,1,2,14,-1,1,2023-24,Regular Season,MEM,1,1,25.5,33.2795572517428,0.11888328776268611,98.68,0.14271457390948877,14.544689693382033,7.155798858898973,3.0624611815984597,0.697804521981374,1.8658772237752355,3.031523837948496,848.6287099194415,3.639221634691964,3284.0267096019797
22023,1626157,0022300599,2024-01-20,36,4,10,0.4,1,4,0.25,10,10,1.0,1,10,11,2,0,1,3,6,19,-19,1,2023-24,Regular Season,OKC,1,1,26.8,31.853038167828537,0.4125888585084574,100.85,0.2985846513804908,13.696459795588023,7.103865905932649,2.708307454398973,0.4652030146542494,1.5772514825168238,11.057381408026659,853.6614228978048,8.002068656997153,3212.3788992255077
22023,1626157,0022300610,2024-01-22,38,21,35,0.6,10,15,0.667,10,14,0.714,3,5,8,2,0,0,7,2,62,0,1,2023-24,Regular Season,CHA,1,0,26.4,33.23535877855236,0.6083925723389716,97.81,0.4261147147658561,12.464306530392015,8.402577270621766,3.805538302932649,0.31013534310283297,2.051500988344549,16.06156390974885,877.4134717537822,11.2494284698186,3250.7504421302065
22023,1626157,0022300620,2024-01-24,35,11,24,0.458,2,10,0.2,3,3,1.0,0,6,6,3,0,1,1,4,27,26,1,2023-24,Regular Season,WAS,0,1,28.5,34.82357251903491,0.4055950482259811,103.07,0.34863931208115495,19.976204353594678,8.268384847081178,3.2036922019550995,0.20675689540188866,3.701000658896366,11.55945887444046,992.471816792495,9.936220394312915,3589.265619536928
22023,1626157,0022300629,2024-01-25,37,12,15,0.8,2,3,0.667,1,2,0.5,1,9,10,3,0,0,6,3,27,-6,1,2023-24,Regular Season,BKN,0,0,26.2,34.88238167935661,0.603730032150654,97.56,0.4670685280663995,21.31746956906312,7.5122565647207855,3.4691281346367333,0.1378379302679258,2.800667105930911,15.817726842347135,913.9183999991433,12.237195435339666,3403.125156638031
22023,1626157,0022300649,2024-01-27,32,9,16,0.563,1,4,0.25,0,1,0.0,0,5,5,4,1,2,3,3,19,-14,1,2023-24,Regular Season,SAS,0,1,27.9,35.58825445290441,0.40248668810043603,101.8,0.3821469775088723,19.211646379375416,8.341504376480524,3.3127520897578226,0.09189195351195054,3.867111403953941,11.229378598002164,992.9122992360329,10.661900672497536,3622.8843033056687
22023,1626157,0022300664,2024-01-29,39,6,15,0.4,2,4,0.5,7,8,0.875,1,9,10,6,1,1,2,2,21,8,1,2023-24,Regular Season,OKC,0,1,26.8,34.39216963526961,0.9349911254002907,100.85,0.4944838906890773,18.14109758625028,7.22766958432035,3.208501393171882,0.39459463567463365,3.5780742693026277,25.05776216072779,921.7101462252256,13.252168270467271,3468.45030771694
22023,1626157,0022300680,2024-01-31,31,11,15,0.733,4,6,0.667,3,5,0.6,2,7,9,4,1,0,3,2,29,14,1,2023-24,Regular Season,DAL,1,0,23.6,35.92811309017974,0.9566607502668605,100.6,0.5863959105637905,17.09406505750019,8.151779722880233,2.8056675954479218,0.5963964237830891,3.0520495128684186,22.57719370629791,847.903468928242,13.838943489305455,3614.3681768720817
22023,1626157,0022300694,2024-02-02,35,7,17,0.412,2,7,0.286,3,3,1.0,0,3,3,1,0,2,6,1,19,-8,1,2023-24,Regular Season,ORL,1,1,29.1,34.2854087267865,0.6377738335112404,97.37,0.4797784722794649,16.396043371666792,8.43451981525349,2.537111730298615,0.7309309491887261,3.0346996752456126,18.559218555177097,997.7053939494872,13.96155354333243,3338.370247727202
22023,1626157,0022300709,2024-02-04,27,4,12,0.333,1,3,0.333,5,5,1.0,2,8,10,0,0,2,2,4,14,26,1,2023-24,Regular Season,HOU,1,1,28.1,34.52360581785767,1.091849222340827,99.59,0.5743642045922894,16.597362247777863,6.623013210168994,2.02474115353241,0.48728729945915084,4.023133116830409,30.680963147777238,970.1133234818006,16.139634149043335,3438.2059034004455
22023,1626157,0022300723,2024-02-06,39,11,22,0.5,7,16,0.438,4,5,0.8,1,4,5,3,1,2,2,4,33,1,1,2023-24,Regular Season,CHI,0,1,27.3,32.01573721190512,1.394566148227218,96.94,0.6517525310300549,15.064908165185242,7.748675473445996,2.683160769021607,0.3248581996394339,3.348755411220273,38.07165584660305,874.0296258850098,17.7928440971205,3103.605565322082
22023,1626157,0022300738,2024-02-08,30,7,15,0.467,4,6,0.667,1,2,0.5,2,3,5,1,0,0,1,4,19,21,1,2023-24,Regular Season,MIL,0,0,25.4,34.34382480793675,1.5963774321514788,100.51,0.715070252660954,17.37660544345683,6.832450315630664,3.122107179347738,0.5499054664262892,2.899170274146849,40.547986776647555,872.3331501215933,18.16278441758823,3451.8978314457227
22023,1626157,0022300770,2024-02-12,27,8,12,0.667,1,5,0.2,7,8,0.875,0,4,4,3,0,1,1,3,24,17,1,2023-24,Regular Season,LAC,0,1,,32.89588320529117,1.0642516214343194,,0.5850574794498714,16.58440362897122,6.221633543753777,3.414738119565159,0.36660364428419284,2.2661135160978993,,,,
22023,1626157,0022300775,2024-02-13,19,2,7,0.286,1,3,0.333,8,8,1.0,2,3,5,1,1,0,3,3,13,-5,1,2023-24,Regular Season,POR,0,0,27.4,30.93058880352745,1.0428344142895463,97.88,0.6605015740953493,15.056269085980814,5.481089029169185,3.2764920797101063,0.24440242952279526,1.8440756773985998,28.573662951533567,847.498133216652,18.097743130212567,3027.4860320892667
22023,1626157,0022300791,2024-02-15,30,8,13,0.615,1,2,0.5,6,6,1.0,2,6,8,1,1,2,3,3,23,22,1,2023-24,Regular Season,POR,0,1,27.4,26.953725869018303,0.6952229428596975,97.88,0.5404103788052858,12.370846057320543,5.3207260194461234,3.1843280531400713,0.49626828634853015,2.2293837849324,19.04910863435571,738.5320888111015,14.807244379264828,2638.2306880595115
22023,1626157,0022300808,2024-02-23,35,9,22,0.409,3,9,0.333,1,2,0.5,5,9,14,3,1,0,3,1,22,-2,1,2023-24,Regular Season,MIL,1,0,25.4,27.969150579345538,1.1301486285731317,100.51,0.6239721281134156,12.580564038213696,6.213817346297416,3.122885368760048,0.6641788575656867,2.4862558566216,28.705775165757544,710.4164247153766,15.848892054080755,2811.17932473002
22023,1626157,0022300815,2024-02-24,36,8,17,0.471,4,8,0.5,8,8,1.0,0,9,9,4,1,2,2,3,28,20,1,2023-24,Regular Season,BKN,1,1,26.2,30.312767052897026,0.7534324190487546,97.56,0.5105226502746127,15.720376025475797,8.809211564198277,2.415256912506699,0.7761192383771245,2.6575039044144004,19.73992937907737,794.1944967859021,13.375693437194853,2957.313553680634
22023,1626157,0022300845,2024-02-28,37,5,13,0.385,3,7,0.429,0,0,0.0,1,10,11,2,3,1,4,1,13,9,1,2023-24,Regular Season,MEM,1,1,25.5,32.20851136859802,1.168954946032503,98.68,0.599518532042865,16.1469173503172,8.872807709465519,2.610171275004466,0.850746158918083,2.438335936276267,29.808351123828828,821.3170398992495,15.287722567093057,3178.3359018532524
22023,1626157,0022300862,2024-03-01,37,7,17,0.412,1,6,0.167,4,5,0.8,2,4,6,5,1,0,3,6,19,1,1,2023-24,Regular Season,SAC,1,0,23.4,33.805674245732014,1.1126366306883355,99.46,0.6723333443987077,15.097944900211468,9.581871806310346,2.073447516669644,1.5671641059453887,2.9588906241841784,26.035697158107048,791.0527773501291,15.732600258929759,3362.312360480506
22023,1626157,0022300873,2024-03-03,34,7,18,0.389,2,7,0.286,2,2,1.0,4,5,9,8,0,0,3,5,18,14,1,2023-24,Regular Season,LAC,1,0,,34.87044949715468,0.7417577537922238,,0.5500909181443971,15.731963266807647,8.387914537540231,3.3822983444464296,1.3781094039635926,2.972593749456119,,,,
22023,1626157,0022300881,2024-03-04,21,5,12,0.417,0,3,0.0,4,6,0.667,2,2,4,1,0,2,1,4,14,1,1,2023-24,Regular Season,POR,1,1,27.4,34.58029966476979,0.4945051691948159,97.88,0.45007438757268853,16.4879755112051,8.591943025026822,3.9215322296309534,0.9187396026423952,2.9817291663040795,13.549441635937955,947.5002108146922,12.332038219491665,3384.7197311876666
22023,1626157,0022301178,2024-04-12,28,4,11,0.364,1,6,0.167,2,2,1.0,1,4,5,8,0,1,3,2,11,-4,1,2023-24,Regular Season,ATL,1,1,27.1,30.05353310984653,0.9963367794632106,100.84,0.5500608625594724,14.991983674136735,7.061295350017882,3.9476881530873023,0.6124930684282636,2.321152777536053,27.00072672345301,814.450747276841,14.906649375361702,3030.598278796924
22023,1626157,0022301194,2024-04-14,29,3,8,0.375,1,4,0.25,3,4,0.75,2,4,6,2,0,0,5,4,10,-18,1,2023-24,Regular Season,PHX,1,0,23.1,29.369022073231022,0.9975578529754738,99.0,0.6318679784577501,13.66132244942449,6.374196900011921,3.2984587687248683,0.4083287122855091,2.5474351850240353,23.043586403733446,678.4244098916366,14.596150302374028,2907.533185249871
42023,1626157,0042300161,2024-04-20,27,5,9,0.556,1,2,0.5,8,8,1.0,1,6,7,4,1,0,2,4,19,-2,1,2023-24,Playoffs,PHX,1,0,24.8,29.246014715487348,0.665038568650316,95.25,0.5169828914654319,11.774214966282994,6.249464600007948,3.532305845816579,0.27221914152367277,3.3649567900160235,16.492956502527836,725.3011649440863,12.821175708342711,2785.6829016501697
42023,1626157,0042300162,2024-04-23,24,3,7,0.429,1,4,0.25,5,5,1.0,0,8,8,1,1,0,4,4,12,16,1,2023-24,Playoffs,PHX,1,0,24.8,28.497343143658235,0.44335904576687735,95.25,0.42298600210808057,10.849476644188663,6.499643066671966,3.6882038972110527,0.5148127610157819,2.909971193344016,10.995304335018558,706.7341099627242,10.490052852280398,2714.3719344334468
42023,1626157,0042300163,2024-04-26,24,7,16,0.438,3,5,0.6,1,2,0.5,5,8,13,2,0,0,1,4,18,-1,1,2023-24,Playoffs,PHX,0,0,24.8,26.998228762438824,0.2955726971779183,95.25,0.3460794562702477,9.566317762792442,6.999762044447977,3.7921359314740353,0.6765418406771879,3.273314128896011,7.330202890012374,669.5560733084828,8.582770515502144,2571.581289622298
42023,1626157,0042300164,2024-04-28,39,11,17,0.647,4,6,0.667,2,3,0.667,2,8,10,3,0,0,0,5,28,3,1,2023-24,Playoffs,PHX,0,0,24.8,25.99881917495922,0.19704846478527888,95.25,0.2831559187665663,11.710878508528296,8.999841362965318,3.861423954316024,0.451027893784792,2.515542752597341,4.8868019266749165,644.7707155389886,7.022266785410845,2476.3875264148655
42023,1626157,0042300231,2024-05-04,31,8,13,0.615,2,4,0.5,2,4,0.5,0,4,4,3,0,0,1,5,20,6,1,2023-24,Playoffs,DEN,0,0,26.1,30.33254611663948,0.13136564319018593,93.67,0.2316730244453724,13.47391900568553,9.333227575310213,4.2409493028773495,0.3006852625231947,1.6770285017315607,3.428643287263853,791.6794536442904,6.04666593802422,2841.24959474562
42023,1626157,0042300232,2024-05-06,36,10,15,0.667,3,5,0.6,4,4,1.0,2,10,12,1,1,2,2,4,27,21,1,2023-24,Playoffs,DEN,0,1,26.1,30.555030744426322,0.08757709546012396,93.67,0.18955065636439558,13.315946003790355,7.555485050206809,4.493966201918234,0.20045684168212982,1.4513523344877073,2.2857621915092357,797.4863024295271,4.947272131110725,2862.0897298304135
42023,1626157,0042300233,2024-05-10,33,4,7,0.571,4,5,0.8,2,2,1.0,0,5,5,3,0,0,3,2,14,-32,1,2023-24,Playoffs,DEN,1,0,26.1,32.37002049628422,0.7250513969734159,93.67,0.33690508247996004,13.877297335860238,9.036990033471207,4.329310801278822,0.46697122778808653,1.6342348896584715,18.923841461006155,844.8575349530182,8.793222652726957,3032.099819886943
42023,1626157,0042300234,2024-05-12,38,5,18,0.278,1,4,0.25,2,4,0.5,5,7,12,3,1,0,1,3,13,4,1,2023-24,Playoffs,DEN,1,0,26.1,32.58001366418948,0.48336759798227735,93.67,0.2756496129381491,11.584864890573492,7.691326688980806,3.552873867519215,0.3113141518587244,2.089489926438981,12.61589430733744,850.3383566353455,7.194454897685692,3051.7698799246286
42023,1626157,0042300235,2024-05-14,38,10,19,0.526,2,5,0.4,1,2,0.5,1,5,6,4,2,0,2,4,23,-17,1,2023-24,Playoffs,DEN,0,0,26.1,34.386675776126324,0.32224506532151825,93.67,0.22553150149484924,13.723243260382329,9.127551125987205,3.368582578346144,0.5408761012391496,1.7263266176259875,8.410596204891627,897.4922377568971,5.886372189015566,3220.999919949753
42023,1626157,0042300236,2024-05-16,29,4,10,0.4,0,4,0.0,2,2,1.0,4,9,13,5,0,0,1,3,10,25,1,2023-24,Playoffs,DEN,1,0,26.1,35.59111718408422,0.21483004354767887,93.67,0.18452577395033118,15.48216217358822,8.08503408399147,3.5790550522307627,1.027250734159433,1.817551078417325,5.607064136594419,928.9281585045982,4.816122700103644,3333.819946633169
42023,1626157,0042300237,2024-05-19,39,8,14,0.571,1,6,0.167,6,6,1.0,2,10,12,2,2,1,3,5,23,10,1,2023-24,Playoffs,DEN,0,1,26.1,33.39407812272282,0.14322002903178593,93.67,0.15097563323208912,13.654774782392147,9.723356055994314,3.3860367014871753,0.6848338227729555,1.5450340522782169,3.738042757729613,871.5854390030656,3.9404640273575264,3128.0232977554465
42023,1626157,0042300311,2024-05-22,34,6,20,0.3,2,9,0.222,2,2,1.0,3,4,7,2,1,0,1,2,16,-5,1,2023-24,Playoffs,DAL,1,0,22.0,35.26271874848188,0.4288133526878573,93.48,0.3053436999171638,13.769849854928099,10.482237370662876,3.924024467658117,1.1232225485153036,2.0300227015188113,9.43389375913286,775.7798124666014,6.717561398177604,3296.3589486080864
42023,1626157,0042300312,2024-05-24,26,4,16,0.25,1,5,0.2,6,7,0.857,3,4,7,3,2,0,0,2,15,0,1,2023-24,Playoffs,DAL,1,0,22.0,34.84181249898792,0.2858755684585716,93.48,0.24982666356858857,15.846566569952067,9.321491580441919,3.282682978438745,1.0821483656768691,1.686681801012541,6.289262506088575,766.5198749777343,5.496186598508949,3257.012632405391
42023,1626157,0042300313,2024-05-26,38,5,18,0.278,0,8,0.0,4,5,0.8,1,10,11,3,0,0,0,2,14,-12,1,2023-24,Playoffs,DAL,0,0,22.0,31.894541665991948,0.19058371230571441,93.48,0.2044036338288452,15.897711046634711,8.547661053627946,2.8551219856258303,1.3880989104512462,1.124454534008361,4.192841670725717,701.6799166518229,4.496879944234594,2981.5017549369272
42023,1626157,0042300314,2024-05-28,30,9,13,0.692,4,5,0.8,3,3,1.0,0,5,5,1,0,0,4,6,25,15,1,2023-24,Playoffs,DAL,0,0,22.0,33.929694443994634,0.12705580820380963,93.48,0.16723933676905514,16.598474031089808,9.365107369085298,2.5700813237505535,0.9253992736341643,0.749636356005574,2.795227780483812,746.4532777678819,3.679265408919213,3171.7478366246187
42023,1626157,0042300315,2024-05-30,38,9,20,0.45,1,6,0.167,9,10,0.9,6,6,12,2,1,0,2,0,28,-14,1,2023-24,Playoffs,DAL,1,0,22.0,32.61979629599642,0.08470387213587309,93.48,0.13683218462922692,15.398982687393206,7.910071579390199,3.713387549167036,0.6169328490894429,1.833090904003716,1.863485186989208,717.6355185119213,3.0103080618429923,3049.2985577497457
22024,1626157,0022400061,2024-10-22,24,5,9,0.556,1,2,0.5,1,1,1.0,0,7,7,3,0,0,0,1,12,-18,1,2024-25,Regular Season,BOS,0,0,20.6,34.413197530664284,0.05646924809058207,96.59,0.1119536056057311,16.932655124928804,9.2733810529268,2.4755916994446907,0.744621899392962,1.8887272693358108,1.1632665106659907,708.9118691316843,2.3062442754780608,3323.9707494868635
22024,1626157,0022400081,2024-10-25,32,5,11,0.455,2,2,1.0,9,10,0.9,4,11,15,0,1,2,0,2,21,17,1,2024-25,Regular Season,IND,1,1,24.6,30.942131687109526,0.037646165393721384,100.76,0.09159840458650725,14.288436749952536,8.515587368617867,1.983727799629794,0.49641459959530804,1.2591515128905406,0.9260956686855462,761.1764395028944,2.2533207528280785,3117.729188793156
22024,1626157,0022400106,2024-10-28,32,4,8,0.5,1,2,0.5,4,4,1.0,1,9,10,3,1,0,3,6,13,-1,1,2024-25,Regular Season,CLE,1,0,25.2,31.29475445807302,0.6917641102624809,100.31,0.25676233102532414,13.192291166635025,10.677058245745245,1.9891518664198626,0.6642763997302054,0.8394343419270272,17.432455578614515,788.62781234344,6.470410741838168,3139.1768196893045
22024,1626157,0022400122,2024-10-30,39,17,25,0.68,4,5,0.8,6,6,1.0,3,10,13,2,0,0,2,5,44,15,1,2024-25,Regular Season,MIA,0,0,22.5,31.529836305382013,0.4611760735083206,97.08,0.21007827083890154,11.46152744442335,10.451372163830165,3.3261012442799087,0.7761842664868036,1.5596228946180182,10.376461653937215,709.4213168710953,4.726761093875285,3060.916508526486
22024,1626157,0022400134,2024-11-01,27,8,18,0.444,3,6,0.5,2,3,0.667,3,8,11,7,2,1,1,1,21,28,1,2024-25,Regular Season,DET,0,1,26.5,34.01989087025468,0.30745071567221377,100.27,0.17188222159546487,15.974351629615565,11.300914775886778,3.884067496186606,0.5174561776578691,1.7064152630786789,8.147443965313665,901.527108061749,4.5548788722798195,3411.174457560436
22024,1626157,0022400161,2024-11-04,32,7,17,0.412,0,2,0.0,3,4,0.75,9,10,19,0,0,1,3,4,17,-26,1,2024-25,Regular Season,HOU,0,1,27.1,31.679927246836453,0.5383004771148092,99.03,0.32244909039628944,16.649567753077044,11.200609850591185,2.9227116641244044,1.0116374517719127,1.4709435087191194,14.58794292981133,858.5260283892679,8.738370349739444,3137.2631952542138
22024,1626157,0022400171,2024-11-06,38,11,23,0.478,5,9,0.556,7,7,1.0,5,11,16,1,1,3,3,2,34,-12,1,2024-25,Regular Season,ATL,0,1,27.7,31.786618164557638,0.6922003180765395,103.41,0.4456401648696913,16.766378502051364,13.80040656706079,3.2818077760829363,0.6744249678479418,1.9806290058127463,19.173948810720145,880.4893231582465,12.34423256689045,3287.0541843969054
22024,1626157,0022400189,2024-11-08,32,12,20,0.6,4,8,0.5,4,5,0.8,3,8,11,5,0,0,2,4,32,24,1,2024-25,Regular Season,MIL,1,0,23.9,33.857745443038425,1.461466878717693,99.92,0.5464328621661111,18.84425233470091,14.533604378040527,2.854538517388624,0.7829499785652946,2.320419337208498,34.92905840135286,809.2001160886183,13.059745405770053,3383.0659246683995
22024,1626157,0022400203,2024-11-10,39,11,19,0.579,2,5,0.4,6,8,0.75,1,8,9,0,0,1,2,4,30,-13,1,2024-25,Regular Season,IND,0,1,24.6,33.23849696202562,0.9743112524784621,100.76,0.4470814326813636,19.229501556467277,13.35573625202702,3.236359011592416,0.5219666523768631,2.213612891472332,23.968056810970168,817.6670252658304,10.998203243961544,3349.1109538937017
22024,1626157,0022400004,2024-11-12,38,7,16,0.438,2,6,0.333,5,6,0.833,3,10,13,6,1,1,2,3,21,11,1,2024-25,Regular Season,PHI,0,1,26.7,35.15899797468375,0.9828741683189748,98.13,0.547612081284752,19.153001037644852,11.903824168018014,3.4909060077282774,0.3479777682512421,2.142408594314888,26.242740294116626,938.7452459240561,14.62124257030288,3450.152471255716
22024,1626157,0022400219,2024-11-13,39,18,30,0.6,6,12,0.5,4,8,0.5,1,9,10,3,3,0,4,5,46,4,1,2024-25,Regular Season,CHI,1,0,28.0,36.10599864978917,0.9885827788793166,103.61,0.6298644301420698,18.102000691763237,12.26921611201201,3.327270671818852,0.5653185121674947,2.094939062876592,27.680317808620863,1010.9679621940968,17.636204043977955,3740.942520104656
22024,1626157,0022400240,2024-11-17,30,10,16,0.625,1,3,0.333,5,5,1.0,4,11,15,6,1,1,1,5,26,14,1,2024-25,Regular Season,BKN,1,1,24.5,37.07066576652612,0.6590551859195445,96.73,0.5153436246616935,22.068000461175494,11.51281074134134,3.8848471145459014,1.3768790081116633,2.7299593752510614,16.14685205502884,908.23131127989,12.62591880421149,3585.8454995960715
22024,1626157,0022400246,2024-11-18,25,8,14,0.571,3,4,0.75,5,5,1.0,1,11,12,3,0,0,0,1,24,22,1,2024-25,Regular Season,WAS,1,0,23.8,34.71377717768408,0.7727034572796964,101.82,0.6034629656322946,20.045333640783664,12.675207160894228,4.256564743030601,1.2512526720744424,2.1533062501673745,18.390342283256775,826.1878968288811,14.362418582048612,3534.5567922317928
22024,1626157,0022400257,2024-11-20,34,12,19,0.632,3,8,0.375,7,8,0.875,1,9,10,2,1,0,3,4,34,23,1,2024-25,Regular Season,PHX,0,0,16.1,31.47585145178939,0.5151356381864644,98.31,0.49374242642642285,18.03022242718911,12.45013810726282,3.1710431620204007,0.8341684480496283,1.435537500111583,8.293683774802076,506.7612083738092,7.949253065465409,3094.390956225415
22024,1626157,0022400264,2024-11-23,39,6,19,0.316,1,9,0.111,3,3,1.0,8,8,16,5,0,1,2,2,16,-34,1,2024-25,Regular Season,UTA,0,1,20.5,32.317234301192926,0.34342375879097625,100.85,0.40397107616707323,18.353481618126075,11.63342540484188,3.4473621080136008,0.8894456320330856,1.9570250000743887,7.040187055215013,662.503303174455,8.281407061425002,3259.1930792753064
22024,1626157,0022400283,2024-11-25,34,12,15,0.8,2,2,1.0,4,6,0.667,1,14,15,4,3,0,4,4,30,21,1,2024-25,Regular Season,DEN,0,0,30.1,34.54482286746195,0.5622825058606509,100.67,0.5123399714094236,18.568987745417385,13.088950269894587,2.9649080720090675,0.5929637546887238,1.9713500000495925,16.924703426405593,1039.7991683106047,15.42143313942365,3477.6273180673948
22024,1626157,0022400292,2024-11-27,35,7,16,0.438,2,4,0.5,9,10,0.9,1,13,14,4,0,1,1,4,25,-7,1,2024-25,Regular Season,DAL,0,1,24.1,34.36321524497464,0.37485500390710064,100.15,0.41918724933498286,17.37932516361159,13.725966846596393,3.309938714672712,1.3953091697924827,2.647566666699728,9.034005594161126,828.1534874038889,10.102412708973088,3441.4760067842103
22024,1626157,0022400040,2024-11-29,39,8,16,0.5,2,5,0.4,1,1,1.0,4,8,12,5,1,2,6,4,19,5,1,2024-25,Regular Season,CHA,0,1,24.4,34.575476829983096,0.5832366692714004,98.22,0.5247895676377132,16.919550109074393,13.817311231064263,3.5399591431151416,0.9302061131949886,2.098377777799819,14.230974730222169,843.6416346515875,12.804865450360202,3396.0033342409397
22024,1626157,0022400308,2024-12-01,25,4,12,0.333,1,5,0.2,5,5,1.0,3,16,19,2,1,1,2,1,14,17,1,2024-25,Regular Season,NOP,1,1,27.0,36.0503178866554,1.0554911128476003,99.77,0.6111914644308563,16.613033406049595,13.21154082070951,3.6933060954100947,0.9534707421299924,3.398918518533213,28.49826004688521,973.3585829396958,16.50216953963312,3596.7402155516093
22024,1626157,0022400053,2024-12-03,36,8,18,0.444,2,5,0.4,5,5,1.0,2,13,15,0,0,2,5,4,23,25,1,2024-25,Regular Season,ORL,1,1,24.3,32.3668785911036,1.0369940752317337,96.51,0.6818839254434278,15.075355604033065,15.14102721380634,2.7955373969400634,0.9689804947533283,2.932612345688809,25.19895602813113,786.5151497638175,16.569779388275297,3123.7274528274083
22024,1626157,0022400327,2024-12-05,39,9,15,0.6,2,5,0.4,7,9,0.778,3,13,16,2,0,2,2,4,27,25,1,2024-25,Regular Season,CHA,1,1,24.4,33.57791906073574,1.3579960501544892,98.22,0.7397232117264408,16.05023706935538,15.094018142537562,3.1970249312933756,0.6459869965022189,3.6217415637925394,33.13510362376954,819.301225081952,18.049246366125157,3298.023210145464
22024,1626157,0022400359,2024-12-09,36,7,13,0.538,2,5,0.4,8,10,0.8,2,13,15,6,2,2,3,3,24,10,1,2024-25,Regular Season,TOR,0,1,30.0,35.38527937382383,1.5719973667696596,100.62,0.7870462641398152,15.70015804623692,15.396012095025043,3.464683287528917,0.430657997668146,3.0811610425283598,47.15992100308979,1061.558381214715,23.611387924194453,3560.4668105941537
22024,1626157,0022401202,2024-12-11,37,7,15,0.467,2,6,0.333,3,6,0.5,4,15,19,5,3,3,4,6,19,-11,1,2024-25,Regular Season,ATL,1,1,27.7,35.59018624921589,1.7146649111797732,103.41,0.8257651252053033,14.800105364157947,15.26400806335003,3.309788858352612,0.9537719984454307,3.0541073616855736,47.49621803967972,985.8481591032801,22.873693968186902,3680.381160031415
22024,1626157,0022401227,2024-12-15,43,7,15,0.467,1,3,0.333,7,7,1.0,4,18,22,5,0,1,6,4,22,9,1,2024-25,Regular Season,ORL,0,1,24.3,36.06012416614393,2.1431099407865157,96.51,0.8574441933497936,14.866736909438632,16.50933870890002,4.206525905568408,1.6358479989636205,3.3694049077903827,52.077571561112336,876.2610172372976,20.835893898399984,3480.162583274551
22024,1626157,0022400367,2024-12-19,38,10,12,0.833,5,5,1.0,7,9,0.778,3,17,20,6,2,0,4,2,32,31,1,2024-25,Regular Season,MIN,0,0,25.1,38.37341611076262,1.7620732938576773,97.95,0.8833634309225583,14.911157939625756,18.339559139266683,4.1376839370456056,1.0905653326424138,4.246269938526922,44.2280396758277,963.1727443801418,22.172422116156216,3758.676108049199
22024,1626157,0022400384,2024-12-21,27,3,10,0.3,2,5,0.4,3,3,1.0,2,8,10,4,0,1,5,5,11,1,1,2024-25,Regular Season,NOP,0,1,27.0,38.24894407384175,1.1747155292384517,99.77,0.7227518980275477,13.940771959750505,18.89303942617779,3.4251226246970705,1.3937102217616093,4.1641799590179485,31.717319289438194,1032.7214899937271,19.514301246743788,3816.097150247191
22024,1626157,0022400397,2024-12-23,32,11,15,0.733,1,3,0.333,8,10,0.8,3,7,10,7,1,0,1,6,31,17,1,2024-25,Regular Season,TOR,1,0,30.0,34.49929604922784,1.1164770194923013,100.62,0.7731606438407208,12.627181306500336,15.928692950785194,3.950081749798047,0.929140147841073,4.442786639345299,33.49431058476904,1034.978881476835,23.194819315221626,3471.319168473305
22024,1626157,0022400405,2024-12-25,30,9,16,0.563,1,5,0.2,2,2,1.0,2,7,9,2,0,0,1,5,21,-13,1,2024-25,Regular Season,SAS,1,0,27.2,33.66619736615189,0.7443180129948676,100.08,0.632585981324226,13.418120871000225,13.95246196719013,4.633387833198698,0.9527600985607154,3.2951910928968666,20.245449953460398,915.7205683593314,17.20633869201895,3369.3130324044814
22024,1626157,0022400419,2024-12-27,33,6,10,0.6,2,4,0.5,2,4,0.5,1,7,8,0,1,0,4,4,16,17,1,2024-25,Regular Season,ORL,0,0,24.3,32.4441315774346,0.4962120086632451,96.51,0.5175703483561849,14.278747247333484,12.301641311460088,4.755591888799133,0.635173399040477,2.530127395264578,12.057951810516856,788.3923973316607,12.576959465055292,3131.183138538213
22024,1626157,0022400429,2024-12-28,44,13,19,0.684,2,5,0.4,2,3,0.667,3,11,14,3,0,2,3,3,30,8,1,2024-25,Regular Season,WAS,0,1,23.8,32.62942105162307,0.3308080057754968,101.82,0.42346664865506034,12.85249816488899,10.867760874306725,4.503727925866089,0.7567822660269847,3.0200849301763855,7.873230537456824,776.5802210286291,10.078506237990437,3322.3276514762606
22024,1626157,0022400443,2024-12-30,32,13,19,0.684,0,3,0.0,6,7,0.857,5,8,13,1,1,0,1,4,32,21,1,2024-25,Regular Season,WAS,0,0,23.8,36.41961403441538,0.8872053371836646,101.82,0.5282908943541402,14.901665443259327,11.91184058287115,4.002485283910726,0.5045215106846566,3.013389953450924,21.115487024971216,866.7868140190861,12.573323285628538,3708.245100984174
22024,1626157,0022400458,2025-01-01,37,10,20,0.5,3,6,0.5,8,9,0.889,2,19,21,4,1,1,2,3,31,11,1,2024-25,Regular Season,UTA,1,1,20.5,34.946409356276924,0.5914702247891098,100.85,0.43223800447156924,16.267776962172885,12.274560388580767,4.001656855940484,0.6696810071231044,2.3422599689672827,12.12513960817675,716.4013918036769,8.860879091667169,3524.3453835805276
22024,1626157,0022400473,2025-01-03,42,7,13,0.538,0,0,0.0,3,4,0.75,4,18,22,4,3,0,2,4,17,-6,1,2024-25,Regular Season,OKC,0,0,24.3,35.63093957085128,0.7276468165260732,100.9,0.5354674582040112,17.511851308115258,15.183040259053845,3.6677712372936564,0.7797873380820697,2.2281733126448553,17.681817641583578,865.8318315716862,13.011859234357473,3595.1618026988945
22024,1626157,0022400482,2025-01-04,37,17,29,0.586,3,7,0.429,7,10,0.7,6,10,16,5,1,0,3,3,44,-5,1,2024-25,Regular Season,CHI,0,0,28.0,37.753959713900855,0.4850978776840489,103.61,0.43810973853055457,16.00790087207684,17.455360172702566,3.778514158195771,1.5198582253880466,2.152115541763237,13.58274057515337,1057.110871989224,12.267072678855527,3911.6877659572674
22024,1626157,0022400511,2025-01-08,34,9,14,0.643,3,3,1.0,6,6,1.0,4,9,13,2,3,2,2,3,27,25,1,2024-25,Regular Season,TOR,1,1,30.0,37.50263980926724,0.3233985851226993,100.62,0.35845342243409006,20.33860058138456,16.970240115135045,3.519009438797181,1.3465721502586978,2.4347436945088248,9.701957553680979,1125.079194278017,10.753602673022701,3773.5156176084697
22024,1626157,0022400529,2025-01-10,29,9,16,0.563,1,2,0.5,4,4,1.0,3,7,10,1,1,0,3,3,23,-10,1,2024-25,Regular Season,OKC,1,0,24.3,36.33509320617816,0.8822657234151329,100.9,0.47509825471880096,18.225733720923042,15.646826743423365,3.346006292531454,1.8977147668391319,2.28982912967255,21.43905707898773,882.9427649101293,11.544887589666864,3666.2109045033762
22024,1626157,0022400539,2025-01-12,36,10,16,0.625,2,5,0.4,8,9,0.889,5,13,18,4,1,0,2,3,30,28,1,2024-25,Regular Season,MIL,1,0,23.9,33.890062137452105,0.588177148943422,99.92,0.3887167538608371,17.483822480615363,13.764551162282244,3.2306708616876363,1.5984765112260881,2.5265527531150336,14.057433859747785,809.9724850851053,9.290330417274006,3386.2950087742142
22024,1626157,0022400549,2025-01-13,43,7,17,0.412,4,9,0.444,8,10,0.8,0,12,12,3,1,0,6,5,26,-4,1,2024-25,Regular Season,DET,1,0,26.5,34.59337475830141,0.3921180992956147,100.27,0.31804098043159396,16.98921498707691,15.176367441521498,3.1537805744584246,1.398984340817392,2.3510351687433557,10.39112963133379,916.7244310949873,8.42808598143724,3468.677687014882
22024,1626157,0022400602,2025-01-20,37,5,18,0.278,1,6,0.167,2,2,1.0,0,9,9,7,0,1,1,2,13,11,1,2024-25,Regular Season,ATL,1,1,27.7,37.39558317220094,0.2614120661970765,103.41,0.2602153476258496,16.992809991384608,14.117578294347666,3.76918704963895,1.265989560544928,3.567356779162237,7.24111423365902,1035.857653869966,7.207965129236033,3867.0772558372996
22024,1626157,0022400606,2025-01-21,39,11,18,0.611,0,3,0.0,3,4,0.75,5,11,16,6,3,2,5,4,25,16,1,2024-25,Regular Season,BKN,0,1,24.5,37.26372211480063,0.5076080441313844,96.73,0.3947216480575133,17.328539994256406,12.411718862898445,3.1794580330926334,0.8439930403632855,2.7115711861081584,12.436397081218917,912.9611918126154,9.670680377409075,3604.519840164665
22024,1626157,0022400641,2025-01-25,28,7,18,0.389,0,1,0.0,4,4,1.0,5,10,15,2,1,0,1,1,18,-3,1,2024-25,Regular Season,SAC,1,0,20.3,37.84248140986709,1.005072029420923,98.91,0.5047722575016018,17.55235999617094,13.60781257526563,3.452972022061756,1.5626620269088571,3.4743807907387723,20.402962197244737,768.202372620302,10.246876827282517,3742.9998362499537
22024,1626157,0022400653,2025-01-27,33,9,17,0.529,2,4,0.5,4,4,1.0,6,5,11,1,2,0,2,1,24,23,1,2024-25,Regular Season,MEM,1,0,24.5,34.56165427324473,0.6700480196139488,103.69,0.41299548341040143,17.701573330780626,14.071875050177088,2.635314681374504,1.375108017939238,2.6495871938258486,16.416176480541743,846.7605296944959,10.118389343554835,3583.6979315927456
22024,1626157,0022400668,2025-01-29,30,6,12,0.5,0,4,0.0,2,3,0.667,3,7,10,5,0,1,0,4,14,-1,1,2024-25,Regular Season,DEN,1,1,30.1,34.04110284882982,0.44669867974263255,100.67,0.3379053955176011,17.46771555385375,13.04791670011806,2.090209787583003,1.5834053452928254,2.4330581292172324,13.44563026025324,1024.6371957497777,10.170952405079795,3426.9178237916985
22024,1626157,0022400692,2025-02-01,35,3,12,0.25,1,2,0.5,4,4,1.0,2,4,6,3,0,0,3,5,11,-15,1,2024-25,Regular Season,LAL,1,0,23.5,32.69406856588655,0.631132453161755,98.34,0.4582862326962191,15.645143702569168,12.031944466745374,2.7268065250553355,1.0556035635285503,1.6220387528114883,14.831612649301244,768.310611298334,10.76972646836115,3215.1347027692836
22024,1626157,0022400702,2025-02-03,38,9,20,0.45,1,5,0.2,3,5,0.6,2,7,9,2,1,1,1,6,22,16,1,2024-25,Regular Season,HOU,1,1,27.1,33.4627123772577,0.4207549687745034,99.03,0.3749614631150883,14.43009580171278,10.021296311163583,3.4845376833702235,0.7037357090190336,2.0813591685409922,11.402459653789043,906.8395054236838,10.161455650418894,3313.8124067198305
22024,1626157,0022400713,2025-02-04,39,10,19,0.526,2,3,0.667,5,5,1.0,9,11,20,2,0,1,2,1,27,13,1,2024-25,Regular Season,TOR,0,1,30.0,34.97514158483847,0.6138366458496689,100.62,0.48860483345779954,16.286730534475186,9.68086420744239,4.323025122246816,0.8024904726793558,1.7209061123606617,18.415099375490065,1049.2542475451542,14.658145003733987,3519.198746266447
22024,1626157,0022400748,2025-02-08,28,3,8,0.375,2,2,1.0,1,2,0.5,1,8,9,1,1,1,2,4,9,-26,1,2024-25,Regular Season,BOS,1,1,20.6,36.31676105655898,0.7425577638997793,96.59,0.5815857728291087,17.191153689650125,13.120576138294927,3.2153500814978773,0.534993648452904,1.8139374082404411,15.296689936335456,748.125277765115,11.98066692027964,3507.835950453032
22024,1626157,0022400765,2025-02-11,38,14,23,0.609,3,8,0.375,9,9,1.0,4,8,12,5,3,0,2,5,40,14,1,2024-25,Regular Season,IND,0,0,24.6,33.54450737103932,0.828371842599853,100.76,0.6576610868601799,14.127435793100085,11.747050758863287,3.476900054331918,0.6899957656352693,1.875958272160294,20.377947327956385,825.1948813275674,16.178462736760427,3379.944562705922
22024,1626157,0022400773,2025-02-12,47,14,25,0.56,7,10,0.7,9,11,0.818,1,9,10,3,2,0,7,4,44,7,1,2024-25,Regular Season,ATL,1,0,27.7,35.029671580692884,0.5522478950665687,103.41,0.5380863437946926,17.084957195400058,11.831367172575526,3.984600036221279,1.4599971770901796,1.9173055147735294,15.297266693343952,970.3219027851928,14.904991723112984,3622.418338159451
22024,1626157,0022400792,2025-02-20,43,14,30,0.467,2,10,0.2,2,4,0.5,2,16,18,2,2,0,3,2,32,2,1,2024-25,Regular Season,CHI,1,0,28.0,39.019781053795256,0.3681652633777125,103.61,0.4402524631047484,19.723304796933373,11.220911448383685,3.9897333574808527,1.6399981180601197,3.6115370098490196,10.30862737457595,1092.5538695062671,12.327068966932956,4042.8395149837265
22024,1626157,0022400797,2025-02-21,29,10,15,0.667,1,3,0.333,2,3,0.667,2,5,7,4,1,1,4,1,23,-21,1,2024-25,Regular Season,CLE,0,1,25.2,40.34652070253017,0.24544350891847502,100.31,0.36020656072206686,23.14886986462225,13.48060763225579,3.3264889049872353,1.7599987453734132,3.4076913398993467,6.1851764247455705,1016.7323217037602,9.077205330196085,4047.1594916708013
22024,1626157,0022400811,2025-02-23,41,9,20,0.45,3,4,0.75,3,3,1.0,5,13,18,0,0,0,1,4,24,-1,1,2024-25,Regular Season,BOS,0,0,20.6,36.564347135020114,0.49696233927898337,96.59,0.476532640590782,20.432579909748167,11.320405088170528,2.550992603324824,1.5066658302489422,3.605127559932898,10.237424189147058,753.2255509814144,9.816572396170109,3531.750289771593
22024,1626157,0022400856,2025-02-28,31,4,11,0.364,1,5,0.2,2,3,0.667,1,6,7,2,0,1,1,5,11,-10,1,2024-25,Regular Season,MEM,0,1,24.5,38.04289809001341,0.33130822618598893,103.69,0.38989034230154884,20.28838660649878,13.546936725447019,3.033995068883216,1.0044438868326282,2.736751706621932,8.117051541556728,932.0510032053285,9.552313386387947,3944.6681029534902
22024,1626157,0022400869,2025-03-02,40,6,11,0.545,1,4,0.25,6,7,0.857,4,12,16,0,0,1,3,4,19,10,1,2024-25,Regular Season,MIA,0,1,22.5,35.695265393342275,0.5542054841239926,97.08,0.5008193709739945,17.192257737665855,11.364624483631346,3.6893300459221443,0.6696292578884189,2.157834471081288,12.469623392789835,803.1434713502011,11.268435846914876,3465.296364385668
22024,1626157,0022400903,2025-03-06,42,3,13,0.231,1,6,0.167,5,7,0.714,3,11,14,1,1,0,2,5,12,-1,1,2024-25,Regular Season,LAL,0,0,23.5,37.130176928894855,0.7028036560826618,98.34,0.5915794853423592,15.128171825110572,12.909749655754231,3.7928866972814297,0.44641950525894597,2.438556314054192,16.51588591794255,872.5591578290291,13.90211790554544,3651.3815991875204
22024,1626157,0022400911,2025-03-07,34,8,21,0.381,3,7,0.429,4,4,1.0,2,8,10,2,2,0,3,3,23,-17,1,2024-25,Regular Season,LAC,0,0,,38.753451285929906,0.4685357707217746,,0.4840195789164756,14.418781216740381,13.273166437169488,4.19525779818762,0.6309463368392974,2.292370876036128,,,,
22024,1626157,0022400939,2025-03-10,28,8,15,0.533,3,6,0.5,7,9,0.778,2,7,9,3,1,1,4,5,26,8,1,2024-25,Regular Season,SAC,0,1,20.3,37.16896752395327,0.3123571804811831,98.91,0.39601601911348,16.612520811160255,12.182110958112993,3.79683853212508,1.087297557892865,2.528247250690752,6.340850763768017,754.5300407362514,8.039125188003645,3676.382577794218
22024,1626157,0022400953,2025-03-12,39,8,12,0.667,2,4,0.5,3,4,0.75,3,4,7,4,2,1,3,3,21,12,1,2024-25,Regular Season,POR,0,1,29.6,34.11264501596885,0.5415714536541221,99.51,0.5058312883655746,16.075013874106837,11.121407305408663,4.197892354750054,1.0581983719285768,3.0188315004605015,16.030515028162014,1009.734292472678,14.972606135621009,3394.5493055390607
22024,1626157,0022400974,2025-03-15,30,12,21,0.571,3,5,0.6,2,2,1.0,5,7,12,3,0,1,2,6,29,-1,1,2024-25,Regular Season,GSW,0,1,22.3,35.74176334397924,0.694380969102748,99.37,0.5956801450263791,14.716675916071226,9.747604870272443,3.798594903166703,1.3721322479523845,3.0125543336403346,15.484695610991283,797.041322570737,13.283667234088254,3551.659023491217
22024,1626157,0022400984,2025-03-17,31,10,17,0.588,3,5,0.6,0,0,0.0,3,4,7,3,0,1,3,3,23,16,1,2024-25,Regular Season,MIA,1,1,22.5,33.827842229319494,0.7962539794018321,97.08,0.6691928459306737,16.81111727738082,10.498403246848296,4.5323966021111355,0.9147548319682565,2.6750362224268898,17.91571453654122,761.1264501596886,15.05683903344016,3284.006923622336
22024,1626157,0022401003,2025-03-19,35,11,21,0.524,2,5,0.4,8,9,0.889,4,5,9,2,1,0,3,1,32,-13,1,2024-25,Regular Season,SAS,0,0,27.2,32.88522815287966,0.8641693196012215,100.08,0.7293396012160057,16.87407818492055,9.332268831232199,4.021597734740757,0.6098365546455043,2.7833574816179265,23.505405493153223,894.4782057583268,19.838037153075355,3291.1536335401966
22024,1626157,0022401010,2025-03-20,36,10,21,0.476,2,4,0.5,2,2,1.0,1,9,10,3,0,0,1,2,24,-15,1,2024-25,Regular Season,CHA,0,0,24.4,33.59015210191978,0.5761128797341477,98.22,0.5967324009949138,18.2493854566137,9.221512554154799,3.0143984898271716,0.7398910364303363,2.855571654411951,14.057154265513203,819.5997112868425,14.560270584275894,3299.2247394505603
22024,1626157,0022401026,2025-03-22,37,10,20,0.5,1,5,0.2,10,13,0.769,0,11,11,1,2,1,3,2,31,20,1,2024-25,Regular Season,WAS,1,1,23.8,34.39343473461319,0.38407525315609853,101.82,0.4882356008140203,19.166256971075804,9.481008369436534,2.6762656598847814,0.49326069095355757,2.2370477696079676,9.140991025115145,818.5637466837939,11.620007299373682,3501.9395246783147
22024,1626157,0022401048,2025-03-25,34,10,19,0.526,2,7,0.286,4,8,0.5,2,10,12,11,1,0,3,3,26,23,1,2024-25,Regular Season,DAL,1,0,24.1,35.26228982307546,0.5893835021040656,100.15,0.5812836733932893,19.444171314050536,9.98733891295769,2.450843773256521,0.9955071273023717,2.4913651797386454,14.204142400707983,849.8211847361187,14.008936528778275,3531.5183257810077
22024,1626157,0022401056,2025-03-26,39,11,20,0.55,4,7,0.571,8,10,0.8,1,13,14,4,2,0,4,2,34,2,1,2024-25,Regular Season,LAC,1,0,,34.84152654871698,0.3929223347360438,,0.4755957327763276,19.296114209367026,10.658225941971793,2.633895848837681,0.9970047515349145,2.660910119825764,,,,
22024,1626157,0022401070,2025-03-28,32,6,16,0.375,1,3,0.333,1,1,1.0,4,6,10,1,2,0,3,5,14,9,1,2024-25,Regular Season,MIL,0,0,23.9,36.22768436581132,0.2619482231573626,99.92,0.38912378136244985,19.530742806244685,11.772150627981196,2.422597232558454,1.3313365010232763,3.107273413217176,6.260562533460966,865.8416563428905,9.300058374562552,3619.870221831867
22024,1626157,0022401082,2025-03-30,32,4,13,0.308,1,2,0.5,1,1,1.0,3,8,11,2,1,2,2,3,10,1,1,2024-25,Regular Season,POR,1,1,29.6,34.818456243874216,0.1746321487715751,99.51,0.3183740029329135,18.353828537496458,11.181433751987464,3.2817314883723028,1.5542243340155175,3.0715156088114512,5.1691116036386235,1030.6263048186768,9.423870486814241,3464.7845808279235
22024,1626157,0022401103,2025-04-02,34,9,16,0.563,1,3,0.333,6,7,0.857,3,10,13,1,0,0,7,5,25,-9,1,2024-25,Regular Season,CLE,0,0,25.2,33.87897082924948,0.78308809918105,100.31,0.4423060023996565,16.56921902499764,11.12095583465831,3.187820992248202,1.3694828893436783,2.714343739207634,19.73382009936246,853.7500648970869,11.146111260471343,3398.3995638820156
22024,1626157,0022401128,2025-04-05,33,10,15,0.667,2,3,0.667,8,9,0.889,2,9,11,3,0,0,3,1,30,27,1,2024-25,Regular Season,ATL,0,0,27.7,33.91931388616632,0.5220587327873668,103.41,0.36188672923608256,16.379479349998427,11.747303889772208,3.7918806614988014,0.9129885928957857,4.142895826138423,14.46102689821006,939.5649946468071,10.024262399839486,3507.5962489684593
22024,1626157,0022401140,2025-04-06,36,7,13,0.538,0,3,0.0,5,6,0.833,2,11,13,1,1,1,1,3,19,16,1,2024-25,Regular Season,PHX,1,1,16.1,33.61287592411088,0.3480391551915779,98.31,0.29608914210224935,15.919652899998953,11.498202593181473,2.8612537743325346,0.6086590619305239,3.7619305507589487,5.603430398584405,541.1673023781852,4.767035187846215,3304.481832099341
22024,1626157,0022401151,2025-04-08,43,14,21,0.667,1,3,0.333,5,7,0.714,2,12,14,2,1,1,0,4,34,1,1,2024-25,Regular Season,BOS,1,1,20.6,34.40858394940726,0.5653594367943853,96.59,0.4240729344472949,14.946435266665969,11.99880172878765,2.90750251622169,0.739106041287016,2.8412870338392993,11.646404397964337,708.8168293577896,8.735902449614276,3323.5251236732474
22024,1626157,0022401167,2025-04-10,29,10,19,0.526,0,1,0.0,5,5,1.0,4,6,10,5,1,0,7,4,25,-5,1,2024-25,Regular Season,DET,0,0,26.5,37.27238929960484,0.7102396245295902,100.27,0.5287869463659686,16.964290177777315,12.665867819191766,3.2716683441477934,0.826070694191344,1.8941913558928665,18.82135005003414,987.7183164395283,14.012854078698167,3737.302475071377
42024,1626157,0042400121,2025-04-19,39,10,14,0.714,1,3,0.333,2,2,1.0,0,11,11,5,4,2,0,3,23,22,1,2024-25,Playoffs,DET,1,1,25.0,34.514926199736564,0.47349308301972687,97.92,0.4326438652085197,17.64286011851821,11.777245212794512,3.5144455627651956,0.884047129460896,3.596127570595244,11.837327075493171,862.8731549934141,10.816096630212993,3379.7015734782044
42024,1626157,0042400122,2025-04-21,33,5,11,0.455,0,2,0.0,0,0,0.0,0,6,6,0,0,1,0,4,10,-10,1,2024-25,Playoffs,DET,1,1,25.0,36.00995079982438,0.9823287220131512,97.92,0.5357995260796979,16.428573412345475,11.518163475196342,3.3429637085101307,1.922698086307264,2.3974183803968296,24.55821805032878,900.2487699956096,13.394988151992449,3526.0943823188036
42024,1626157,0042400123,2025-04-24,41,10,18,0.556,4,8,0.5,7,7,1.0,0,8,8,1,1,2,2,4,31,8,1,2024-25,Playoffs,DET,0,1,25.0,35.00663386654959,0.9882191480087675,97.92,0.6201996122470256,14.619048941563651,9.678775650130895,3.5619758056734208,1.2817987242048428,1.5982789202645533,24.70547870021919,875.1658466637398,15.504990306175639,3427.849588212536
42024,1626157,0042400124,2025-04-27,40,10,23,0.435,5,7,0.714,2,2,1.0,1,8,9,1,0,1,3,5,27,5,1,2024-25,Playoffs,DET,0,1,25.0,37.00442257769973,1.325479432005845,97.92,0.6892542282021118,15.746032627709102,9.119183766753931,3.707983870448947,1.1878658161365618,1.7321859468430356,33.13698580014612,925.1105644424932,17.231355705052795,3623.4730588083576
42024,1626157,0042400125,2025-04-29,35,5,14,0.357,2,4,0.5,5,6,0.833,1,10,11,1,0,2,0,5,17,-12,1,2024-25,Playoffs,DET,1,1,25.0,38.00294838513315,1.2169862880038966,97.92,0.7457534594380915,18.164021751806068,9.079455844502622,4.138655913632632,0.7919105440910413,2.1547906312286904,30.424657200097414,950.0737096283287,18.643836485952285,3721.248705872238
42024,1626157,0042400126,2025-05-01,37,4,10,0.4,0,1,0.0,2,3,0.667,5,10,15,2,2,0,3,6,10,8,1,2024-25,Playoffs,DET,0,0,25.0,37.00196559008877,1.4779908586692645,97.92,0.7919801031766203,16.776014501204045,9.719637229668415,4.4257706090884215,0.527940362727361,1.4365270874857938,36.94977146673161,925.0491397522193,19.799502579415506,3623.2324705814926
42024,1626157,0042400211,2025-05-05,31,6,13,0.462,0,1,0.0,2,2,1.0,4,9,13,0,1,0,2,5,14,8,1,2024-25,Playoffs,BOS,0,0,20.1,37.001310393392515,0.9853272391128431,91.68,0.6479837207808711,14.517343000802699,11.479758153112277,4.950513739392282,1.0186269084849073,1.9576847249905294,19.80507750616815,743.7263389071896,13.02447278769551,3392.2801368662263
42024,1626157,0042400212,2025-05-07,35,9,16,0.563,0,1,0.0,3,3,1.0,3,14,17,1,0,1,4,4,21,-2,1,2024-25,Playoffs,BOS,0,1,20.1,35.00087359559501,0.6568848260752288,91.68,0.5301684988207127,14.011562000535132,11.986505435408185,4.967009159594855,1.0124179389899384,1.971789816660353,13.2033850041121,703.5175592714597,10.656386826296327,3208.8800912441507
42024,1626157,0042400213,2025-05-10,36,5,18,0.278,1,5,0.2,10,11,0.909,5,10,15,0,0,0,1,4,21,-19,1,2024-25,Playoffs,BOS,1,0,20.1,35.00058239706334,0.7712565507168192,91.68,0.6155924081260377,14.674374667023422,13.657670290272124,4.6446727730632364,0.674945292659959,2.6478598777735685,15.502256669408068,703.5117061809732,12.373407403333358,3208.8533941627675
42024,1626157,0042400214,2025-05-12,36,11,15,0.733,0,3,0.0,1,1,1.0,3,8,11,1,0,1,4,5,23,-1,1,2024-25,Playoffs,BOS,1,1,20.1,35.33372159804223,0.5141710338112129,91.68,0.5036665157394853,15.782916444682282,14.105113526848085,4.429781848708824,0.44996352843997267,2.0985732518490456,10.33483777960538,710.2078041206489,10.123696966363655,3239.395596108512
42024,1626157,0042400215,2025-05-14,29,5,11,0.455,1,3,0.333,8,9,0.889,2,6,8,0,1,1,2,4,19,-20,1,2024-25,Playoffs,BOS,0,1,20.1,35.55581439869482,0.6761140225408087,91.68,0.5939089674232152,15.521944296454857,13.07007568456539,4.619854565805883,0.2999756856266485,2.732382167899364,13.589891853070254,714.671869413766,11.937570245206626,3259.7570640723416
42024,1626157,0042400216,2025-05-16,35,8,20,0.4,1,6,0.167,4,4,1.0,1,11,12,1,1,0,3,4,21,25,1,2024-25,Playoffs,BOS,1,0,20.1,33.370542932463216,0.7840760150272058,91.68,0.6677437006189942,14.014629530969906,11.380050456376928,4.413236377203923,0.533317123751099,2.4882547785995763,15.759927902046838,670.7479129425107,13.421648382441786,3059.411376048228
42024,1626157,0042400301,2025-05-21,39,11,17,0.647,4,8,0.5,9,11,0.818,2,10,12,2,1,1,1,4,35,9,1,2024-25,Playoffs,IND,1,1,20.7,33.913695288308816,0.5227173433514706,98.52,0.5463357550519043,16.009753020646603,11.586700304251286,4.275490918135949,0.6888780825007327,2.6588365190663845,10.820249007375441,702.0134924679925,11.30915012957442,3341.1772598041844
42024,1626157,0042400302,2025-05-23,28,6,14,0.429,2,5,0.4,6,6,1.0,2,5,7,0,0,0,1,3,20,-20,1,2024-25,Playoffs,IND,1,0,20.7,35.60913019220588,0.6818115622343137,98.52,0.6288201632242854,16.339835347097736,11.724466869500858,4.183660612090633,0.7925853883338219,2.105891012710923,14.113499338250293,737.1089949786617,13.016577378742706,3508.211506536123
42024,1626157,0042400303,2025-05-25,33,8,17,0.471,3,7,0.429,5,6,0.833,1,14,15,1,0,0,6,5,24,6,1,2024-25,Playoffs,IND,0,0,20.7,33.07275346147059,0.45454104148954255,98.52,0.5144892244562335,15.55989023139849,10.149644579667239,3.789107074727089,0.5283902588892146,1.7372606751406157,9.40899955883353,684.6059966524411,10.649926946244033,3258.3276710240825
42024,1626157,0042400304,2025-05-27,37,8,15,0.533,1,2,0.5,7,9,0.778,3,9,12,3,0,0,2,4,24,3,1,2024-25,Playoffs,IND,0,0,20.7,33.04850230764706,0.3030273609930284,98.52,0.4209457291005546,16.039926820932326,11.76642971977816,4.192738049818059,0.3522601725928098,3.158173783427077,6.272666372555688,684.1039977682942,8.71357659238148,3255.9384473493883
42024,1626157,0042400305,2025-05-29,36,10,20,0.5,1,4,0.25,3,5,0.6,2,11,13,3,1,0,4,5,24,26,1,2024-25,Playoffs,IND,1,0,20.7,34.365668205098046,0.20201824066201896,98.52,0.34441014199136283,15.693284547288219,11.844286479852107,4.12849203321204,0.23484011506187322,2.7721158556180514,4.181777581703792,711.3693318455296,7.12928993922121,3385.7056315662594
42024,1626157,0042400306,2025-05-31,38,8,19,0.421,0,4,0.0,6,10,0.6,3,11,14,2,1,0,2,4,22,-16,1,2024-25,Playoffs,IND,0,0,20.7,34.91044547006537,0.13467882710801266,98.52,0.28179011617475136,17.128856364858812,12.229524319901405,4.418994688808027,0.4898934100412488,3.1814105704120346,2.787851721135862,722.6462212303531,5.833055404817353,3439.37708771084
22025,1626157,0022500003,2025-10-22,31,5,12,0.417,1,4,0.25,8,9,0.889,1,10,11,2,0,0,3,4,19,2,1,2025-26,Regular Season,CLE,1,0,25.9,35.940296980043584,0.08978588473867512,100.7,0.23055554959752383,17.752570909905877,12.81968287993427,4.279329792538685,0.6599289400274992,2.7876070469413565,2.3254544147316856,930.8536917831287,5.971388734575867,3619.187905890389
22025,1626157,0022500018,2025-10-24,33,6,16,0.375,4,6,0.667,10,12,0.833,6,7,13,3,1,1,5,2,26,6,1,2025-26,Regular Season,BOS,1,1,19.0,34.29353132002906,0.059857256492450085,95.58,0.1886363587616104,15.835047273270586,12.21312191995618,4.186219861692457,0.43995262668499957,2.8584046979609044,1.1372878733565517,651.5770950805521,3.5840908164705976,3277.7757235683775
22025,1626157,0022500108,2025-10-26,36,6,14,0.429,2,8,0.25,1,2,0.5,1,17,18,2,1,2,3,5,15,2,1,2025-26,Regular Season,MIA,0,1,26.9,33.86235421335271,0.3732381709949667,104.22,0.33615702080495397,15.890031515513725,12.475414613304121,3.457479907794972,0.6266350844566664,3.572269798640603,10.040106799764605,910.8973283391879,9.042623859653261,3529.1345561156195
22025,1626157,0022500125,2025-10-28,35,2,12,0.167,0,3,0.0,4,4,1.0,5,7,12,1,1,1,3,5,8,0,1,2025-26,Regular Season,MIL,0,1,21.8,34.57490280890181,0.9154921139966444,98.33,0.45685574429496234,15.260021010342484,14.316943075536082,3.971653271863315,0.7510900563044443,3.3815131990937357,19.95772808512685,753.7328812340595,9.95945522563018,3399.750193199315
22025,1626157,0022500023,2025-10-31,32,6,14,0.429,1,5,0.2,9,9,1.0,2,8,10,4,0,1,2,2,22,7,1,2025-26,Regular Season,CHI,0,1,31.9,34.71660187260121,0.9436614093310963,103.22,0.5556092453322419,14.173347340228323,13.544628717024056,4.3144355145755435,0.8340600375362962,3.2543421327291573,30.10279895766197,1107.4595997359786,17.723934926098515,3583.4476452898966
22025,1626157,0022500153,2025-11-02,36,5,11,0.455,2,2,1.0,8,8,1.0,3,12,15,5,0,2,1,1,20,12,1,2025-26,Regular Season,CHI,1,1,31.9,33.811067915067476,0.9624409395540643,103.22,0.6364075643627434,14.11556489348555,12.363085811349372,3.5429570097170293,0.5560400250241976,2.836228088486105,30.701865971774648,1078.5730664906523,20.301401303171513,3489.978430193265
22025,1626157,0022500159,2025-11-03,30,12,24,0.5,3,8,0.375,6,7,0.857,5,8,13,5,2,0,3,4,33,13,1,2025-26,Regular Season,WAS,1,0,24.7,34.54071194337832,1.3082939597027095,102.49,0.7025152799331537,13.0770432623237,13.24205720756625,2.6953046731446864,0.37069335001613174,2.224152058990737,32.314860804656924,853.1555850014445,17.352127414348896,3540.077567076844
22025,1626157,0022500175,2025-11-05,31,5,11,0.455,1,5,0.2,4,4,1.0,3,7,10,4,0,2,4,5,15,15,1,2025-26,Regular Season,MIN,1,1,26.1,33.02714129558555,0.8721959731351397,101.5,0.5747852290362165,16.718028841549135,13.161371471710833,3.130203115429791,0.9137955666774211,2.482768039327158,22.76431489882715,862.008387814783,15.001894477845253,3352.2548415019332
22025,1626157,0022500192,2025-11-09,28,10,17,0.588,0,2,0.0,8,8,1.0,3,9,12,2,2,0,2,5,28,21,1,2025-26,Regular Season,BKN,1,0,24.8,32.35142753039037,1.2481306487567598,97.6,0.6520970055750862,14.812019227699425,12.107580981140556,3.7534687436198606,0.6091970444516142,2.9885120262181055,30.953640089167646,802.3154027536812,16.17200573826214,3157.4993269660995
22025,1626157,0022500208,2025-11-11,32,7,17,0.412,3,8,0.375,4,5,0.8,4,9,13,4,3,2,2,4,21,0,1,2025-26,Regular Season,MEM,1,1,22.9,30.900951686926913,0.8320870991711733,101.69,0.5335339136523433,15.541346151799617,12.071720654093705,4.16897916241324,1.0727980296344095,2.659008017478737,19.05479457101987,707.6317936306262,12.21792662263866,3142.3177770435977
22025,1626157,0022500215,2025-11-12,35,6,15,0.4,1,4,0.25,2,2,1.0,2,10,12,4,1,0,2,5,15,-2,1,2025-26,Regular Season,ORL,1,0,27.6,31.267301124617944,1.2213913994474488,100.56,0.6183459293519172,16.027564101199744,12.381147102729138,4.112652774942161,1.7151986864229398,2.4393386783191584,33.71040262474959,862.9775110394553,17.066347650112917,3144.2398010915804
22025,1626157,0022500039,2025-11-14,38,13,26,0.5,6,14,0.429,7,9,0.778,2,9,11,4,1,0,0,3,39,13,1,2025-26,Regular Season,MIA,1,0,26.9,32.51153408307863,0.8142609329649659,104.22,0.5059193967424777,15.685042734133164,12.254098068486092,4.408435183294774,1.47679912428196,2.2928924522127723,21.903619096757584,874.5602668348151,13.609231772372649,3388.3520821384545
22025,1626157,0022500244,2025-11-17,33,7,19,0.368,1,7,0.143,7,7,1.0,4,11,15,2,0,1,4,5,22,3,1,2025-26,Regular Season,MIA,0,1,26.9,34.34102272205242,0.5428406219766441,104.22,0.413934051880209,19.12336182275544,11.836065378990728,3.938956788863183,1.31786608285464,1.5285949681418483,14.602412731171725,923.7735112232101,11.134825995577621,3579.0213880923034
22025,1626157,0022500262,2025-11-19,35,6,16,0.375,1,6,0.167,5,9,0.556,4,10,14,6,2,0,3,4,18,4,1,2025-26,Regular Season,DAL,0,0,25.9,33.89401514803495,0.6952270813177628,102.62,0.5204914969928982,19.082241215170296,12.890710252660487,4.292637859242122,0.8785773885697601,2.352396645427899,18.006381406130057,877.8549923341052,13.480729772116062,3478.203834491347
22025,1626157,0022500269,2025-11-22,37,6,14,0.429,2,6,0.333,10,11,0.909,2,6,8,3,0,0,4,3,24,-14,1,2025-26,Regular Season,ORL,0,0,27.6,34.26267676535664,0.46348472087850856,100.56,0.4258566793578258,18.054827476780197,13.260473501773658,4.195091906161415,1.2523849257131734,2.568264430285266,12.792178296246837,945.6498787238432,11.753644350275993,3445.4547755242634
22025,1626157,0022500285,2025-11-24,33,14,20,0.7,3,4,0.75,6,6,1.0,3,9,12,3,1,2,1,3,37,25,1,2025-26,Regular Season,BKN,0,1,24.8,35.175117843571094,0.30898981391900576,97.6,0.34842819220185745,16.703218317853466,11.506982334515772,3.7967279374409437,0.8349232838087823,3.0455096201901775,7.662947385191343,872.3429225205632,8.641019166606064,3433.0915015325386
22025,1626157,0022500061,2025-11-26,32,6,13,0.462,0,3,0.0,7,7,1.0,4,6,10,3,0,0,3,2,19,6,1,2025-26,Regular Season,CHA,0,0,23.2,34.45007856238073,0.8726598759460038,97.59,0.4668957936197015,17.802145545235646,11.671321556343848,3.531151958293963,0.8899488558725216,2.363673080126785,20.24570912194729,799.241822647233,10.831982411977075,3361.983166902736
22025,1626157,0022500074,2025-11-28,36,2,8,0.25,1,2,0.5,4,5,0.8,3,7,10,4,0,1,2,4,9,0,1,2025-26,Regular Season,MIL,1,1,21.8,33.633385708253826,0.5817732506306693,98.33,0.3820056493252103,16.20143036349043,11.1142143708959,3.0207679721959755,0.5932992372483478,2.575782053417857,12.68265686374859,733.2078084399334,8.327723155289585,3307.1708166925987
22025,1626157,0022500303,2025-11-30,31,8,15,0.533,1,4,0.25,5,7,0.714,3,5,8,2,0,0,4,3,22,3,1,2025-26,Regular Season,TOR,1,0,26.7,34.42225713883589,0.7211821670871129,99.22,0.4943682585388084,13.467620242326955,10.742809580597267,3.3471786481306505,0.3955328248322319,2.3838547022785717,19.255563861225916,919.0742656069182,13.199632502986184,3415.376353315297
22025,1626157,0022500320,2025-12-02,33,12,19,0.632,2,5,0.4,3,3,1.0,2,5,7,2,0,1,4,2,29,10,1,2025-26,Regular Season,BOS,0,1,19.0,33.28150475922393,0.48078811139140865,95.58,0.4044831206226614,13.978413494884638,9.82853972039818,3.2314524320871008,0.26368854988815466,2.9225698015190478,9.134974116436764,632.3485904252547,7.685179291830567,3181.046224886623
22025,1626157,0022500328,2025-12-03,39,13,23,0.565,3,7,0.429,6,7,0.857,5,13,18,5,2,0,1,2,35,21,1,2025-26,Regular Season,CHA,1,0,23.2,33.18766983948262,0.6538587409276058,97.59,0.5127589168730866,15.652275663256425,8.88569314693212,2.8209682880580673,0.17579236659210312,3.281713201012699,15.169522789520453,769.9539402759968,11.89600687145561,3238.7846996351095
22025,1626157,0022500343,2025-12-05,22,5,11,0.455,4,6,0.667,4,4,1.0,1,8,9,4,1,0,1,1,18,21,1,2025-26,Regular Season,UTA,1,0,23.5,35.12511322632175,0.43590582728507055,103.54,0.41953002289616176,18.101517108837616,11.923795431288081,2.547312192038712,0.7838615777280687,2.5211421340084663,10.243786941199158,825.4401608185611,9.858955538059801,3636.8542234533543
22025,1626157,0022501202,2025-12-09,31,4,11,0.364,1,2,0.5,5,6,0.833,5,11,16,1,1,2,1,4,14,21,1,2025-26,Regular Season,TOR,0,1,26.7,30.750075484214502,0.29060388485671373,99.22,0.3432518369150414,15.734344739225078,10.949196954192054,2.0315414613591414,0.8559077184853792,2.0140947560056444,7.7591237256742565,821.0270154285272,9.164824045631605,3051.0224895437627
22025,1626157,0022501229,2025-12-13,37,9,11,0.818,2,4,0.5,9,10,0.9,1,7,8,2,1,1,0,3,29,12,1,2025-26,Regular Season,ORL,0,1,27.6,30.833383656143003,0.8604025899044758,100.56,0.4626605938395793,14.156229826150053,12.63279796946137,2.687694307572761,0.9039384789902528,1.6760631706704296,23.747111481363532,851.0013889095469,12.769432389972389,3100.6050604617403
22025,1626157,0022500382,2025-12-19,35,7,15,0.467,1,5,0.2,7,9,0.778,3,8,11,1,0,0,3,4,22,-7,1,2025-26,Regular Season,PHI,1,0,28.7,32.88892243742867,0.9069350599363173,100.39,0.5603586676869285,13.10415321743337,11.088531979640914,2.7917962050485077,0.9359589859935019,1.11737544711362,26.029036220172305,943.9120739542028,16.08229376261485,3301.718923493464
22025,1626157,0022500398,2025-12-21,29,1,5,0.2,0,0,0.0,0,2,0.0,1,5,6,2,2,0,3,4,2,-1,1,2025-26,Regular Season,MIA,1,0,26.9,33.59261495828578,0.6046233732908782,104.22,0.45847527356203244,13.73610214495558,11.05902131976061,3.194530803365672,0.6239726573290013,1.7449169647424134,16.264368741524624,903.6413423778874,12.332984858818673,3501.022330952544
22025,1626157,0022500416,2025-12-23,35,14,24,0.583,3,6,0.5,9,11,0.818,4,9,13,1,1,0,5,6,40,6,1,2025-26,Regular Season,MIN,0,0,26.1,32.061743305523855,0.4030822488605855,101.5,0.37511613291439017,10.824068096637054,9.372680879840408,3.463020535577115,1.0826484382193342,2.1632779764949426,10.520446695261283,836.8115002741727,9.790531069065583,3254.266945510671
22025,1626157,0022500009,2025-12-25,27,5,13,0.385,0,2,0.0,1,2,0.5,2,12,14,1,2,0,2,4,11,7,1,2025-26,Regular Season,CLE,1,0,25.9,33.041162203682575,0.2687214992403904,100.7,0.3069131996572283,15.216045397758037,10.581787253226938,4.3086803570514105,1.0550989588128896,3.1088519843299616,6.959886830326111,855.7661010753786,7.9490518711222125,3327.2450339108354
22025,1626157,0022500435,2025-12-27,30,8,15,0.533,3,6,0.5,17,18,0.944,5,10,15,1,0,0,2,3,36,-7,1,2025-26,Regular Season,ATL,0,0,26.5,31.02744146912172,0.1791476661602603,102.5,0.2511107997195504,14.47736359850536,11.721191502151292,4.205786904700941,1.3700659725419264,2.7392346562199745,4.747413153246898,822.2271989317255,6.654436192568086,3180.312750584976
22025,1626157,0022500454,2025-12-29,30,4,9,0.444,2,4,0.5,2,2,1.0,2,10,12,4,0,2,0,4,12,6,1,2025-26,Regular Season,NOP,0,1,34.8,30.68496097941448,0.11943177744017354,101.37,0.20545429067963214,14.651575732336907,12.814127668100863,3.803857936467294,0.913377315027951,2.49282310414665,4.156225854918039,1067.836642083624,7.149809315651198,3110.534494483246
22025,1626157,0022500467,2025-12-31,33,5,10,0.5,2,5,0.4,8,8,1.0,1,6,7,4,1,0,3,6,20,-15,1,2025-26,Regular Season,SAS,0,0,28.0,30.45664065294299,0.7462878516267824,100.72,0.349917146919699,12.767717154891272,12.54275177873391,3.8692386243115298,0.6089182100186341,1.6618820694311,20.896059845549907,852.7859382824038,9.797680113751571,3067.592846564418
22025,1626157,0022500487,2026-01-03,34,6,16,0.375,0,5,0.0,11,12,0.917,4,10,14,2,2,0,2,2,23,-8,1,2025-26,Regular Season,PHI,1,0,28.7,31.304427101961995,0.49752523441785496,100.39,0.28629584747975373,11.845144769927515,10.695167852489273,4.579492416207687,0.7392788066790894,2.1079213796207337,14.278974227792437,898.4370578263092,8.216690822668932,3142.6514367659647
22025,1626157,0022500502,2026-01-05,23,1,4,0.25,1,2,0.5,3,3,1.0,0,1,1,1,0,0,6,3,6,-27,1,2025-26,Regular Season,DET,0,0,30.4,32.202951401308,0.33168348961190336,99.88,0.2342420570288894,13.23009651328501,11.796778568326182,3.719661610805125,1.1595192044527263,2.0719475864138226,10.083178084201862,978.9697225997631,7.1209585336782375,3216.430785962643
22025,1626157,0022500522,2026-01-07,31,6,18,0.333,0,4,0.0,8,10,0.8,4,7,11,7,1,1,2,1,20,16,1,2025-26,Regular Season,LAC,1,1,,29.135300934205336,0.2211223264079356,,0.19165259211454586,10.153397675523342,8.197852378884122,3.479774407203417,0.7730128029684843,3.3812983909425487,,,,
22025,1626157,0022500538,2026-01-09,33,5,11,0.455,2,5,0.4,3,5,0.6,2,10,12,5,0,0,5,4,15,-2,1,2025-26,Regular Season,PHX,0,0,21.1,29.756867289470225,0.4807482176052904,98.14,0.33862484809371934,12.768931783682229,9.131901585922748,2.6531829381356116,0.8486752019789896,2.9208655939616994,10.143787391471628,627.8698998078218,7.144984294777479,2920.338955788608
22025,1626157,0022500551,2026-01-11,28,9,13,0.692,2,3,0.667,0,1,0.0,3,8,11,3,0,2,2,4,20,-3,1,2025-26,Regular Season,POR,0,1,28.6,30.837911526313487,0.3204988117368603,101.63,0.27705669389486126,12.179287855788154,10.087934390615166,3.1021219587570745,0.5657834679859931,3.6139103959744663,9.166266015674205,881.9642696525658,7.923821445393033,3134.0569484192397
22025,1626157,0022500576,2026-01-14,33,5,14,0.357,0,1,0.0,3,4,0.75,1,3,4,1,5,0,3,5,13,-8,1,2025-26,Regular Season,SAC,0,0,20.1,29.891941017542326,0.8803325411579068,100.12,0.40850093136852283,12.452858570525436,10.391956260410112,3.4014146391713833,0.37718897865732876,3.075940263982978,17.69468407727393,600.8280144526008,8.21086872050731,2992.781134676338
22025,1626157,0022500584,2026-01-15,31,6,14,0.429,2,4,0.5,3,4,0.75,8,12,20,2,1,1,2,5,17,4,1,2025-26,Regular Season,GSW,0,1,22.8,30.927960678361554,0.586888360771938,100.05,0.3342280347560641,12.968572380350292,8.261304173606742,3.9342764261142555,1.9181259857715525,3.0506268426553187,13.381054625600186,705.1575034666434,7.620399192438262,3094.3424658700733
22025,1626157,0022500596,2026-01-17,35,7,16,0.438,3,8,0.375,6,6,1.0,2,9,11,2,1,1,3,5,23,-5,1,2025-26,Regular Season,PHX,1,1,21.1,30.95197378557437,0.7245922405146253,98.14,0.45527748298223425,13.312381586900194,12.174202782404494,4.289517617409504,1.6120839905143685,2.700417895103546,15.288896274858596,653.0866468756193,9.606354890925143,3037.626707316269
22025,1626157,0022500016,2026-01-19,30,9,19,0.474,2,5,0.4,2,4,0.5,5,13,18,4,1,1,5,5,22,-15,1,2025-26,Regular Season,DAL,1,1,25.9,32.30131585704958,0.8163948270097503,102.62,0.554317940621828,14.208254391266797,11.78280185493633,4.526345078273003,1.4080559936762458,2.8002785967356973,21.144626019552533,836.6040806975841,14.356834662105346,3314.761033250428
22025,1626157,0022500622,2026-01-21,20,5,8,0.625,2,3,0.667,2,2,1.0,1,7,8,3,1,0,2,3,14,21,1,2025-26,Regular Season,BKN,1,0,24.8,31.53421057136639,0.8775965513398336,97.6,0.6353510423269502,15.8055029275112,13.855201236624222,4.684230052182002,1.2720373291174973,3.533519064490465,21.764394473227874,782.0484221698865,15.756705849708364,3077.7389517653596
22025,1626157,0022500643,2026-01-24,16,2,4,0.5,1,2,0.5,5,7,0.714,0,6,6,1,0,1,2,6,10,-6,1,2025-26,Regular Season,PHI,0,1,28.7,27.68947371424426,0.5850643675598891,100.39,0.5198326709947774,13.203668618340801,11.903467491082814,4.122820034788002,1.181358219411665,3.0223460429936435,16.791347348968817,794.6878955988103,14.91919765755011,2779.7462661729814
22025,1626157,0022500665,2026-01-27,27,5,15,0.333,3,8,0.375,4,4,1.0,3,8,11,4,0,0,2,2,17,-3,1,2025-26,Regular Season,SAC,1,0,20.1,23.79298247616284,0.7233762450399261,100.12,0.6071358217229996,10.135779078893869,9.93564499405521,4.748546689858668,0.7875721462744434,2.681564028662429,14.539862525302517,478.23894777087315,12.203430016632293,2382.153405513424
22025,1626157,0022500675,2026-01-28,35,3,11,0.273,0,2,0.0,2,2,1.0,7,15,22,2,0,1,2,0,8,19,1,2025-26,Regular Season,TOR,0,1,26.7,24.861988317441895,0.4822508300266175,99.22,0.49674749050063605,11.757186052595912,10.290429996036806,3.832364459905779,0.5250480975162957,2.4543760191082864,12.876097161710687,663.8150880756986,13.263157996366981,2466.806480856585
22025,1626157,0022500690,2026-01-30,29,5,12,0.417,1,3,0.333,3,4,0.75,6,14,20,3,0,1,0,1,14,17,1,2025-26,Regular Season,POR,1,1,28.6,28.241325544961263,0.6548338866844117,101.63,0.5882479467732477,11.50479070173061,14.193619997357871,2.5549096399371862,0.3500320650108638,2.3029173460721912,18.728249159174176,807.7019105858922,16.823891277714885,2870.165915134413
22025,1626157,0022500708,2026-02-01,32,5,11,0.455,0,1,0.0,1,2,0.5,5,8,13,4,2,0,3,3,11,23,1,2025-26,Regular Season,LAL,1,0,22.4,28.494217029974177,0.7698892577896078,99.22,0.663111956450839,11.669860467820406,16.12907999823858,2.036606426624791,0.23335471000724256,1.5352782307147943,17.245519374487213,638.2704614714215,14.853707824498793,2827.1962137140376
22025,1626157,0022500718,2026-02-03,26,7,16,0.438,1,4,0.25,4,6,0.667,2,13,15,3,2,0,1,1,19,30,1,2025-26,Regular Season,WAS,0,0,24.7,29.66281135331612,0.513259505193072,102.49,0.54254614618705,11.446573645213604,15.086053332159056,2.357737617749861,0.8222364733381616,2.0235188204765295,12.677509778268877,732.6714404269081,13.400889810820134,3040.141535601369
22025,1626157,0022500726,2026-02-04,31,9,13,0.692,2,6,0.333,4,4,1.0,3,9,12,1,0,0,1,6,24,12,1,2025-26,Regular Season,DEN,1,0,23.6,28.44187423554408,0.342173003462048,99.49,0.44390139233485904,12.964382430142404,15.057368888106039,1.9051584118332408,1.2148243155587743,1.6823458803176865,8.075282881704332,671.2282319588403,10.476072859102674,2829.6820676942802
22025,1626157,0022500757,2026-02-08,29,3,9,0.333,0,2,0.0,5,6,0.833,0,10,10,1,1,0,3,3,11,10,1,2025-26,Regular Season,BOS,0,0,19.0,29.294582823696054,0.22811533564136535,95.58,0.36319204827397555,12.97625495342827,14.038245925404027,3.2701056078888273,0.8098828770391829,1.4548972535451243,4.334191377185942,556.5970736502251,6.900648917205536,2799.976226288869
22025,1626157,0022500771,2026-02-10,32,8,17,0.471,1,6,0.167,5,6,0.833,3,11,14,3,0,0,5,6,22,6,1,2025-26,Regular Season,IND,1,0,24.1,29.196388549130702,0.1520768904275769,101.78,0.29715713040597996,11.650836635618848,12.692163950269352,3.1800704052592184,0.8732552513594554,1.9699315023634163,3.665053059304604,703.63296403405,7.161486842784117,2971.608426530523
22025,1626157,0022500780,2026-02-11,26,8,13,0.615,1,1,1.0,4,4,1.0,4,7,11,5,1,1,2,3,21,29,1,2025-26,Regular Season,PHI,0,1,28.7,30.13092569942047,0.10138459361838462,100.39,0.2431285612412563,13.433891090412565,13.128109300179569,4.120046936839479,0.5821701675729704,2.9799543349089443,2.9097378368476385,864.7575675733675,6.977789707624056,3024.843630964821
22025,1626157,0022500796,2026-02-19,31,7,14,0.5,1,4,0.25,6,6,1.0,5,6,11,4,1,0,2,3,21,0,1,2025-26,Regular Season,DET,1,0,30.4,28.753950466280315,0.4009230624122564,99.88,0.3807415501064824,13.289260726941711,12.418739533453046,3.7466979578929864,0.7214467783819802,2.6533028899392965,12.188061097332593,874.1200941749215,11.574543123237065,2871.944572572078
22025,1626157,0022500816,2026-02-21,34,10,15,0.667,3,3,1.0,2,2,1.0,2,5,7,1,1,0,2,4,25,23,1,2025-26,Regular Season,HOU,1,0,24.5,29.50263364418688,0.267282041608171,96.98,0.3115158137234856,13.52617381796114,11.945826355635365,3.4977986385953246,0.8142978522546536,2.435535259959531,6.5484100194001895,722.8145242825785,7.632137436225396,2861.165410813244
22025,1626157,0022500825,2026-02-22,32,10,17,0.588,5,9,0.556,3,4,0.75,4,7,11,2,3,0,3,4,28,13,1,2025-26,Regular Season,CHI,0,0,31.9,31.001755762791255,0.17818802773878067,103.22,0.25487657486467,14.017449211974094,10.297217570423577,3.6651990923968834,0.876198568169769,2.290356839973021,5.684198084867103,988.956008833041,8.130562738182974,3200.0012298353136
22025,1626157,0022500835,2026-02-24,29,5,5,1.0,1,1,1.0,3,4,0.75,1,6,7,2,1,2,5,2,14,-9,1,2025-26,Regular Season,CLE,0,1,25.9,31.334503841860837,0.11879201849252047,100.7,0.20853537943473,15.01163280798273,10.531478380282385,3.7767993949312557,1.584132378779846,2.526904559982014,3.07671327895628,811.5636495041956,5.401066327359507,3155.3845368753864
22025,1626157,0022500860,2026-02-27,29,6,13,0.462,1,1,1.0,4,4,1.0,3,10,13,1,0,0,1,3,17,21,1,2025-26,Regular Season,MIL,0,0,21.8,30.55633589457389,0.7458613456616803,98.33,0.3524380377193245,11.674421871988487,9.354318920188257,3.184532929954171,1.3894215858532308,3.351269706654676,16.25977733542463,666.1281225017109,7.6831492222812745,3004.6045085134506
22025,1626157,0022500868,2026-03-01,28,5,9,0.556,0,1,0.0,2,3,0.667,5,9,14,1,1,0,4,4,12,7,1,2025-26,Regular Season,SAS,1,0,28.0,30.037557263049262,0.4972408971077869,100.72,0.2883583944976291,12.116281247992326,10.569545946792172,3.1230219533027808,0.9262810572354874,2.5675131377697844,13.922745119018034,841.0516033653794,8.074035045933616,3025.382767534322
22025,1626157,0022500887,2026-03-03,29,10,17,0.588,1,4,0.25,0,0,0.0,2,10,12,6,1,1,3,3,21,7,1,2025-26,Regular Season,TOR,0,1,26.7,29.35837150869951,0.3314939314051913,99.22,0.23592959549806017,11.077520831994885,11.713030631194782,3.4153479688685207,0.9508540381569917,3.0450087585131898,8.850887968518608,783.8685192822769,6.299320199798206,2912.9376210931655
22025,1626157,0022500893,2026-03-04,33,7,8,0.875,0,0,0.0,3,4,0.75,9,8,17,1,0,0,0,6,17,-18,1,2025-26,Regular Season,OKC,1,0,24.9,29.238914339133007,0.5543292876034609,100.37,0.37485148722568556,13.051680554663257,11.808687087463188,3.2768986459123473,0.9672360254379945,3.0300058390087936,13.802799261326175,728.0489670444118,9.33380203191957,2934.70983221878
22025,1626157,0022500911,2026-03-06,27,7,12,0.583,1,4,0.25,2,3,0.667,1,12,13,2,1,0,1,4,17,19,1,2025-26,Regular Season,DEN,0,0,23.6,30.492609559422007,0.3695528584023073,99.49,0.30669667136647,11.367787036442172,13.539124724975458,4.184599097274899,0.6448240169586631,2.0200038926725292,8.721447458294453,719.6255856023594,7.238041444248692,3033.7097250668953
22025,1626157,0022500922,2026-03-08,34,8,17,0.471,1,5,0.2,8,8,1.0,1,15,16,2,1,1,2,4,25,-9,1,2025-26,Regular Season,LAL,0,1,22.4,29.328406372948006,0.24636857226820488,99.22,0.25093364020893,11.578524690961448,13.359416483316974,4.123066064849933,0.7632160113057754,1.6800025951150197,5.518656018807789,656.9563027540353,5.620913540680031,2909.964480323901
22025,1626157,0022500935,2026-03-09,36,13,17,0.765,3,4,0.75,6,8,0.75,2,10,12,7,0,1,3,6,35,-12,1,2025-26,Regular Season,LAC,0,1,,30.885604248632006,0.4975790481788033,,0.38712752380730636,13.385683127307631,14.239610988877983,4.082044043233289,0.8421440075371837,1.7866683967433465,,,,
22025,1626157,0022500949,2026-03-11,30,8,13,0.615,3,6,0.5,2,2,1.0,0,7,7,7,0,0,2,1,21,20,1,2025-26,Regular Season,UTA,0,0,23.5,32.59040283242134,0.6650526987858688,103.54,0.4985588831150688,14.590455418205089,13.493073992585323,4.7213626954888595,0.5614293383581225,2.1911122644955645,15.628738421467917,765.8744665619015,11.716133753204117,3374.4103092689056
22025,1626157,0022500981,2026-03-15,31,7,12,0.583,0,2,0.0,3,4,0.75,5,7,12,2,1,1,3,2,17,0,1,2025-26,Regular Season,GSW,1,1,22.8,31.72693522161423,0.44336846585724593,100.05,0.40791181345778355,14.060303612136726,11.328715995056882,3.48090846365924,0.3742862255720817,2.1274081763303765,10.108801021545208,723.3741230528045,9.300389346837465,3174.2798689225037
22025,1626157,0022500994,2026-03-17,32,9,21,0.429,2,7,0.286,2,3,0.667,5,6,11,2,3,1,1,3,22,20,1,2025-26,Regular Season,IND,1,1,24.1,31.484623481076156,0.6289123105714973,101.78,0.5155642110109138,13.373535741424485,11.552477330037922,2.98727230910616,0.5828574837147211,2.4182721175535846,15.156786684773087,758.7794258939354,12.425097485363022,3204.5049779039314
22025,1626157,0022501016,2026-03-20,29,7,16,0.438,1,3,0.333,11,13,0.846,6,9,15,1,1,0,4,4,26,7,1,2025-26,Regular Season,BKN,0,0,24.8,31.65641565405077,0.752608207047665,97.6,0.6036434453725658,15.915690494282991,11.368318220025282,2.99151487273744,1.3885716558098142,1.9455147450357233,18.664683534782093,785.0791082204591,14.970357445239632,3089.6661678353553
22025,1626157,0022501034,2026-03-22,26,9,13,0.692,1,2,0.5,7,7,1.0,4,12,16,3,1,0,2,2,26,16,1,2025-26,Regular Season,WAS,1,0,24.7,30.770943769367182,0.5017388046984433,102.49,0.49389009166846287,15.943793662855327,12.578878813350189,3.32767658182496,1.2590477705398762,2.630343163357149,12.39294847605155,760.0423111033693,12.199085264211032,3153.7140269224424
22025,1626157,0022501048,2026-03-24,24,8,17,0.471,2,6,0.333,3,3,1.0,3,11,14,1,0,0,2,3,21,-11,1,2025-26,Regular Season,NOP,1,0,34.8,29.180629179578123,0.33449253646562893,101.37,0.40409189318328775,14.96252910857022,13.719252542233459,2.8851177212166403,1.1726985136932508,2.4202287755714327,11.640340269003886,1015.4858954493186,14.062397882778413,2958.0403799338346
22025,1626157,0022501063,2026-03-26,22,5,8,0.625,1,1,1.0,2,2,1.0,0,3,3,2,0,0,1,3,13,-18,1,2025-26,Regular Season,CHA,0,0,23.2,27.45375278638542,0.22299502431041932,97.59,0.3306206398772354,15.641686072380146,13.81283502815564,2.923411814144427,0.7817990091288339,2.280152517047622,5.173484564001728,636.9270646441418,7.670398845151861,2679.211734423353
22025,1626157,0022501089,2026-03-29,34,5,9,0.556,0,1,0.0,5,5,1.0,7,11,18,2,1,0,4,3,15,-10,1,2025-26,Regular Season,OKC,0,0,24.9,25.635835190923615,0.14866334954027957,100.37,0.27050779626319255,13.094457381586766,10.208556685437093,2.948941209429618,0.5211993394192227,1.8534350113650813,3.701717403552961,638.3322962539979,6.735644126953494,2573.068778113003
22025,1626157,0022501102,2026-03-31,34,7,17,0.412,2,4,0.5,6,8,0.75,2,6,8,3,0,0,1,0,22,-11,1,2025-26,Regular Season,HOU,0,0,24.5,28.423890127282412,0.09910889969351973,96.98,0.2213245605789757,11.729638254391178,12.805704456958063,2.9659608062864122,0.6807995596128151,2.5689566742433874,2.4281680424912335,696.3853081184191,5.422451734184905,2756.5488645438486
22025,1626157,0022501003,2026-04-01,29,8,12,0.667,0,0,0.0,4,5,0.8,6,5,11,11,0,1,7,3,20,5,1,2025-26,Regular Season,MEM,0,1,22.9,30.282593418188277,0.06607259979567982,101.69,0.1810837313827983,13.486425502927451,11.203802971305375,1.9773072041909416,0.45386637307521016,2.0459711161622582,1.5130625353210678,693.4713892765116,4.146817448666081,3079.4369246955657
22025,1626157,0022501143,2026-04-06,32,9,12,0.75,2,4,0.5,1,1,1.0,1,11,12,6,2,1,3,2,21,2,1,2025-26,Regular Season,ATL,0,1,26.5,29.855062278792186,0.3773817331971199,102.5,0.3299775984041077,12.99095033528497,11.135868647536917,2.3182048027939612,0.3025775820501401,3.697314077441505,10.000615929723677,791.1591503879929,8.744406357708854,3060.143883576199
22025,1626157,0022501168,2026-04-09,30,6,12,0.5,1,4,0.25,3,3,1.0,2,10,12,4,2,0,1,3,16,5,1,2025-26,Regular Season,BOS,1,0,19.0,30.570041519194792,0.5849211554647465,95.58,0.45179985323972444,12.660633556856647,11.423912431691278,2.2121365351959743,0.8683850547000934,3.4648760516276704,11.113501953830184,580.830788864701,8.584197211554764,2921.8845684046382
22025,1626157,0022501176,2026-04-10,30,8,12,0.667,1,3,0.333,5,5,1.0,2,8,10,5,0,0,1,3,22,11,1,2025-26,Regular Season,TOR,1,0,26.7,30.380027679463197,0.38994743697649775,99.22,0.36965442537795634,12.440422371237766,11.615941621127519,2.47475769013065,1.245590036466729,2.643250701085114,10.41159656727249,811.1467390416674,9.869773157591434,3014.3063463563385
42025,1626157,0042500121,2026-04-18,33,6,13,0.462,3,4,0.75,10,10,1.0,2,6,8,4,1,3,5,5,25,3,1,2025-26,Playoffs,ATL,1,1,24.0,30.2533517863088,0.2599649579843319,96.67,0.30244452985469156,12.293614914158512,11.077294414085014,2.6498384600871,0.8303933576444861,2.0955004673900763,6.239158991623965,726.0804428714113,7.258668716512597,2924.5915171824718
42025,1626157,0042500122,2026-04-20,34,8,12,0.667,2,5,0.4,0,0,0.0,3,5,8,2,0,2,3,4,18,5,1,2025-26,Playoffs,ATL,1,1,24.0,31.168901190872536,1.1733099719895546,96.67,0.42927279715383854,12.52907660943901,10.051529609390009,3.4332256400580667,0.886928905096324,3.0636669782600507,28.15943932774931,748.0536285809409,10.302547131692124,3013.097678121648
42025,1626157,0042500123,2026-04-23,34,7,12,0.583,1,3,0.333,6,6,1.0,4,13,17,4,2,2,3,2,21,22,1,2025-26,Playoffs,ATL,0,1,24.0,32.11260079391502,1.448873314659703,96.67,0.5330413794895043,12.352717739626007,9.367686406260006,3.622150426705378,0.5912859367308828,3.0424446521733675,34.77295955183287,770.7024190539605,12.792993107748103,3104.3251187477654
42025,1626157,0042500124,2026-04-25,29,6,10,0.6,1,2,0.5,7,9,0.778,3,7,10,10,2,0,2,5,20,16,1,2025-26,Playoffs,ATL,0,0,24.0,32.74173386261002,1.6325822097731355,96.67,0.6179429468550489,12.235145159750672,11.911790937506671,3.0814336178035857,1.0608572911539218,3.0282964347822454,39.181973034555256,785.8016127026405,14.830630724521175,3165.1434124985108
42025,1626157,0042500125,2026-04-28,34,5,7,0.714,1,3,0.333,5,6,0.833,1,13,14,6,2,2,3,2,16,11,1,2025-26,Playoffs,ATL,1,1,24.0,31.494489241740016,1.0883881398487572,96.67,0.5055896837904945,11.490096773167116,11.274527291671115,3.7209557452023905,1.3739048607692812,2.685530956521497,26.12131535637017,755.8677418017604,12.134152410971868,3044.5722749990073
42025,1626157,0042500126,2026-04-30,28,1,4,0.25,0,1,0.0,10,10,1.0,4,7,11,10,3,1,3,3,12,35,1,2025-26,Playoffs,ATL,0,1,24.0,32.32965949449334,1.3922587598991716,96.67,0.5954824685558591,9.993397848778077,12.18301819444741,3.1473038301349274,1.5826032405128543,2.7903539710143317,33.41421023758012,775.9118278678402,14.291579245340618,3125.3081833326714
42025,1626157,0042500211,2026-05-04,20,7,11,0.636,3,5,0.6,0,0,0.0,2,4,6,6,0,2,3,4,17,11,1,2025-26,Playoffs,PHI,1,1,21.5,30.886439662995564,1.2615058399327812,94.59,0.6690311106366119,7.995598565852052,11.788678796298274,3.098202553423285,2.0550688270085695,2.8602359806762214,27.122375558554797,664.0584527544046,14.384168878687156,2921.5483277227504
42025,1626157,0042500212,2026-05-06,27,6,8,0.75,1,1,1.0,7,9,0.778,2,8,10,7,1,0,3,4,20,6,1,2025-26,Playoffs,PHI,1,0,21.5,27.257626441997044,1.5076705599551876,94.59,0.729207272339046,8.997065710568036,9.859119197532184,3.3988017022821904,1.3700458846723798,2.9068239871174812,32.41491703903653,586.0389685029364,15.67795635528949,2578.2988851485006
42025,1626157,0042500213,2026-05-08,26,3,8,0.375,0,2,0.0,2,2,1.0,4,8,12,7,0,1,1,5,8,3,1,2025-26,Playoffs,PHI,0,1,21.5,27.171750961331366,1.005113706636792,94.59,0.5966241319137648,8.664710473712024,9.906079465021456,3.599201134854794,1.2466972564482532,2.937882658078321,21.609944692691027,584.1926456686243,12.827418836145943,2570.175923432334
42025,1626157,0042500214,2026-05-10,20,5,7,0.714,2,3,0.667,5,6,0.833,2,2,4,10,0,2,2,5,17,23,1,2025-26,Playoffs,PHI,0,1,21.5,26.781167307554245,1.0034091377578613,94.59,0.6699651988385349,8.443140315808016,10.604052976680972,4.066134089903196,0.8311315042988355,2.291921772052214,21.57329646179402,575.7950971124162,14.4042517750285,2533.2306156215564
42025,1626157,0042500301,2026-05-19,40,6,14,0.429,1,5,0.2,0,0,0.0,4,9,13,5,1,1,7,4,13,13,1,2025-26,Playoffs,CLE,1,1,21.0,24.520778205036166,1.3356060918385744,95.78,0.7299715263224376,7.962093543872011,8.402701984453982,4.377422726602131,0.5540876695325571,2.194614514701476,28.047727928610062,514.9363423057595,15.329402052771188,2348.6001364783638
42025,1626157,0042500302,2026-05-21,36,7,12,0.583,3,5,0.6,1,2,0.5,0,13,13,1,0,0,0,3,18,18,1,2025-26,Playoffs,CLE,1,0,21.0,29.680518803357444,1.2237373945590497,95.78,0.7790676124456307,9.974729029248007,9.935134656302655,4.251615151068087,0.7027251130217047,3.7964096764676505,25.698485285740045,623.2908948705063,16.360419861358245,2842.800090985576
42025,1626157,0042500303,2026-05-23,36,4,9,0.444,1,3,0.333,4,4,1.0,3,5,8,7,3,1,0,4,13,23,1,2025-26,Playoffs,CLE,0,1,21.0,31.78701253557163,0.8158249297060333,95.78,0.6374189556373342,10.649819352832004,10.956756437535104,3.8344101007120583,0.4684834086811365,2.530939784311767,17.1323235238267,667.5272632470043,13.385798068384018,3044.5600606570506
42025,1626157,0042500304,2026-05-25,26,8,11,0.727,3,3,1.0,0,0,0.0,2,12,14,3,2,2,2,4,19,25,1,2025-26,Playoffs,CLE,0,1,21.0,33.19134169038109,0.8772166198040222,95.78,0.7033427818850916,10.09987956855467,9.971170958356737,3.889606733808039,1.312322272454091,1.6872931895411782,18.421549015884466,697.0181754980028,14.770198419586924,3179.0667071047005
