TEAM_ABBR,RA_FGA,SEASON,SEASON_TYPE
ATL,27.1,2022-23,Regular Season
BOS,23.9,2022-23,Regular Season
BKN,22.4,2022-23,Regular Season
CHA,30.3,2022-23,Regular Season
CHI,27.2,2022-23,Regular Season
CLE,27.0,2022-23,Regular Season
DAL,22.0,2022-23,Regular Season
DEN,29.0,2022-23,Regular Season
DET,24.4,2022-23,Regular Season
GSW,21.3,2022-23,Regular Season
HOU,30.1,2022-23,Regular Season
IND,29.1,2022-23,Regular Season
,24.0,2022-23,Regular Season
LAL,29.7,2022-23,Regular Season
MEM,29.6,2022-23,Regular Season
MIA,21.2,2022-23,Regular Season
MIL,25.1,2022-23,Regular Season
MIN,29.2,2022-23,Regular Season
NOP,28.0,2022-23,Regular Season
NYK,27.3,2022-23,Regular Season
OKC,31.0,2022-23,Regular Season
ORL,27.0,2022-23,Regular Season
PHI,25.5,2022-23,Regular Season
PHX,20.8,2022-23,Regular Season
POR,28.6,2022-23,Regular Season
SAC,26.6,2022-23,Regular Season
SAS,29.0,2022-23,Regular Season
TOR,26.8,2022-23,Regular Season
UTA,25.0,2022-23,Regular Season
WAS,24.0,2022-23,Regular Season
ATL,24.3,2022-23,Playoffs
BOS,23.4,2022-23,Playoffs
BKN,18.5,2022-23,Playoffs
CLE,22.4,2022-23,Playoffs
DEN,22.6,2022-23,Playoffs
GSW,21.5,2022-23,Playoffs
,24.4,2022-23,Playoffs
LAL,23.1,2022-23,Playoffs
MEM,27.5,2022-23,Playoffs
MIA,22.0,2022-23,Playoffs
MIL,23.2,2022-23,Playoffs
MIN,25.8,2022-23,Playoffs
NYK,23.3,2022-23,Playoffs
PHI,21.5,2022-23,Playoffs
PHX,14.8,2022-23,Playoffs
SAC,19.9,2022-23,Playoffs
ATL,27.1,2023-24,Regular Season
BOS,24.1,2023-24,Regular Season
BKN,26.2,2023-24,Regular Season
CHA,26.4,2023-24,Regular Season
CHI,27.3,2023-24,Regular Season
CLE,27.4,2023-24,Regular Season
DAL,23.6,2023-24,Regular Season
DEN,28.6,2023-24,Regular Season
DET,26.3,2023-24,Regular Season
GSW,22.9,2023-24,Regular Season
HOU,28.1,2023-24,Regular Season
IND,29.9,2023-24,Regular Season
,24.8,2023-24,Regular Season
LAL,28.5,2023-24,Regular Season
MEM,25.5,2023-24,Regular Season
MIA,21.4,2023-24,Regular Season
MIL,25.4,2023-24,Regular Season
MIN,26.0,2023-24,Regular Season
NOP,26.7,2023-24,Regular Season
NYK,25.7,2023-24,Regular Season
OKC,26.8,2023-24,Regular Season
ORL,29.1,2023-24,Regular Season
PHI,28.0,2023-24,Regular Season
PHX,23.1,2023-24,Regular Season
POR,27.4,2023-24,Regular Season
SAC,23.4,2023-24,Regular Season
SAS,27.9,2023-24,Regular Season
TOR,28.5,2023-24,Regular Season
UTA,24.4,2023-24,Regular Season
WAS,28.5,2023-24,Regular Season
BOS,21.4,2023-24,Playoffs
CLE,26.1,2023-24,Playoffs
DAL,22.0,2023-24,Playoffs
DEN,26.1,2023-24,Playoffs
IND,25.9,2023-24,Playoffs
,23.2,2023-24,Playoffs
LAL,29.2,2023-24,Playoffs
MIA,12.2,2023-24,Playoffs
MIL,20.3,2023-24,Playoffs
MIN,26.3,2023-24,Playoffs
NOP,24.0,2023-24,Playoffs
NYK,26.5,2023-24,Playoffs
OKC,22.9,2023-24,Playoffs
ORL,25.4,2023-24,Playoffs
PHI,25.0,2023-24,Playoffs
PHX,24.8,2023-24,Playoffs
ATL,27.7,2024-25,Regular Season
BOS,20.6,2024-25,Regular Season
BKN,24.5,2024-25,Regular Season
CHA,24.4,2024-25,Regular Season
CHI,28.0,2024-25,Regular Season
CLE,25.2,2024-25,Regular Season
DAL,24.1,2024-25,Regular Season
DEN,30.1,2024-25,Regular Season
DET,26.5,2024-25,Regular Season
GSW,22.3,2024-25,Regular Season
HOU,27.1,2024-25,Regular Season
IND,24.6,2024-25,Regular Season
,23.8,2024-25,Regular Season
LAL,23.5,2024-25,Regular Season
MEM,24.5,2024-25,Regular Season
MIA,22.5,2024-25,Regular Season
MIL,23.9,2024-25,Regular Season
MIN,25.1,2024-25,Regular Season
NOP,27.0,2024-25,Regular Season
NYK,27.9,2024-25,Regular Season
OKC,24.3,2024-25,Regular Season
ORL,24.3,2024-25,Regular Season
PHI,26.7,2024-25,Regular Season
PHX,16.1,2024-25,Regular Season
POR,29.6,2024-25,Regular Season
SAC,20.3,2024-25,Regular Season
SAS,27.2,2024-25,Regular Season
TOR,30.0,2024-25,Regular Season
UTA,20.5,2024-25,Regular Season
WAS,23.8,2024-25,Regular Season
BOS,20.1,2024-25,Playoffs
CLE,22.8,2024-25,Playoffs
DEN,23.4,2024-25,Playoffs
DET,25.0,2024-25,Playoffs
GSW,20.6,2024-25,Playoffs
HOU,20.0,2024-25,Playoffs
IND,20.7,2024-25,Playoffs
,22.0,2024-25,Playoffs
LAL,18.4,2024-25,Playoffs
MEM,17.3,2024-25,Playoffs
MIA,12.8,2024-25,Playoffs
MIL,22.6,2024-25,Playoffs
MIN,26.1,2024-25,Playoffs
NYK,23.3,2024-25,Playoffs
OKC,24.9,2024-25,Playoffs
ORL,19.2,2024-25,Playoffs
ATL,26.5,2025-26,Regular Season
BOS,19.0,2025-26,Regular Season
BKN,24.8,2025-26,Regular Season
CHA,23.2,2025-26,Regular Season
CHI,31.9,2025-26,Regular Season
CLE,25.9,2025-26,Regular Season
DAL,25.9,2025-26,Regular Season
DEN,23.6,2025-26,Regular Season
DET,30.4,2025-26,Regular Season
GSW,22.8,2025-26,Regular Season
HOU,24.5,2025-26,Regular Season
IND,24.1,2025-26,Regular Season
,22.5,2025-26,Regular Season
LAL,22.4,2025-26,Regular Season
MEM,22.9,2025-26,Regular Season
MIA,26.9,2025-26,Regular Season
MIL,21.8,2025-26,Regular Season
MIN,26.1,2025-26,Regular Season
NOP,34.8,2025-26,Regular Season
NYK,25.2,2025-26,Regular Season
OKC,24.9,2025-26,Regular Season
ORL,27.6,2025-26,Regular Season
PHI,28.7,2025-26,Regular Season
PHX,21.1,2025-26,Regular Season
POR,28.6,2025-26,Regular Season
SAC,20.1,2025-26,Regular Season
SAS,28.0,2025-26,Regular Season
TOR,26.7,2025-26,Regular Season
UTA,23.5,2025-26,Regular Season
WAS,24.7,2025-26,Regular Season
ATL,24.0,2025-26,Playoffs
BOS,17.7,2025-26,Playoffs
CLE,21.0,2025-26,Playoffs
DEN,22.7,2025-26,Playoffs
DET,22.9,2025-26,Playoffs
HOU,24.0,2025-26,Playoffs
LAL,22.5,2025-26,Playoffs
MIN,29.4,2025-26,Playoffs
NYK,29.6,2025-26,Playoffs
OKC,21.7,2025-26,Playoffs
ORL,19.7,2025-26,Playoffs
PHI,21.5,2025-26,Playoffs
PHX,16.0,2025-26,Playoffs
POR,27.8,2025-26,Playoffs
SAS,29.1,2025-26,Playoffs
TOR,29.0,2025-26,Playoffs
