SEASON_ID,Player_ID,Game_ID,GAME_DATE,MIN,FGM,FGA,FG_PCT,FG3M,FG3A,FG3_PCT,FTM,FTA,FT_PCT,OREB,DREB,REB,AST,STL,BLK,TOV,PF,PTS,PLUS_MINUS,VIDEO_AVAILABLE,SEASON,SEASON_TYPE,OPP,HOME,Block_Stat,Restricted_Area_FGM,Restricted_Area_FGA,Restricted_Area_FG_PCT,In_The_Paint_Non_RA_FGM,In_The_Paint_Non_RA_FGA,In_The_Paint_Non_RA_FG_PCT,Mid_Range_FGM,Mid_Range_FGA,Mid_Range_FG_PCT,Left_Corner_3_FGM,Left_Corner_3_FGA,Left_Corner_3_FG_PCT,Right_Corner_3_FGM,Right_Corner_3_FGA,Right_Corner_3_FG_PCT,Above_the_Break_3_FGM,Above_the_Break_3_FGA,Above_the_Break_3_FG_PCT,Backcourt_FGM,Backcourt_FGA,Backcourt_FG_PCT,OPP_PACE,USAGE_PROXY,FG3A_RATE,FTA_RATE,REB_PER_MIN,PTS_PER_MIN,AST_PER_MIN
22022,1626157,0022200010,2022-10-19,36,2,10,0.2,2,7,0.286,6,6,1.0,0,6,6,7,0,0,3,4,12,-4,1,2022-23,Regular Season,OKC,1,0,19.4,31.0,0.625,8.2,19.4,0.423,3.4,8.1,0.418,1.7,4.4,0.388,1.2,2.9,0.41,9.2,26.6,0.347,0.0,0.1,0.0,101.94,15.64,0.7,0.6,0.16666666666666666,0.3333333333333333,0.19444444444444445
22022,1626157,0022200025,2022-10-21,33,9,25,0.36,2,6,0.333,7,8,0.875,4,4,8,2,0,0,5,5,27,-3,1,2022-23,Regular Season,UTA,1,0,16.8,25.0,0.672,9.8,20.7,0.472,2.6,6.4,0.409,1.7,4.1,0.415,1.9,4.7,0.409,9.7,28.7,0.337,0.0,0.2,0.0,101.02,33.519999999999996,0.24,0.32,0.24242424242424243,0.8181818181818182,0.06060606060606061
22022,1626157,0022200041,2022-10-23,30,5,9,0.556,1,3,0.333,4,4,1.0,1,7,8,5,1,0,3,2,15,14,1,2022-23,Regular Season,OKC,0,0,19.4,31.0,0.625,8.2,19.4,0.423,3.4,8.1,0.418,1.7,4.4,0.388,1.2,2.9,0.41,9.2,26.6,0.347,0.0,0.1,0.0,101.94,13.76,0.3333333333333333,0.4444444444444444,0.26666666666666666,0.5,0.16666666666666666
22022,1626157,0022200050,2022-10-24,39,9,17,0.529,2,6,0.333,7,7,1.0,1,10,11,5,0,0,4,5,27,-4,1,2022-23,Regular Season,SAS,1,0,18.8,29.0,0.646,9.0,21.0,0.431,4.2,10.4,0.401,1.5,3.9,0.385,1.2,3.3,0.357,8.4,24.7,0.34,0.0,0.2,0.0,102.07,24.08,0.35294117647058826,0.4117647058823529,0.28205128205128205,0.6923076923076923,0.1282051282051282
22022,1626157,0022200062,2022-10-26,38,9,14,0.643,3,5,0.6,0,0,0.0,0,4,4,7,2,1,3,3,21,5,1,2022-23,Regular Season,SAS,1,1,18.8,29.0,0.646,9.0,21.0,0.431,4.2,10.4,0.401,1.5,3.9,0.385,1.2,3.3,0.357,8.4,24.7,0.34,0.0,0.2,0.0,102.07,17.0,0.35714285714285715,0.0,0.10526315789473684,0.5526315789473685,0.18421052631578946
22022,1626157,0022200076,2022-10-28,37,8,17,0.471,3,7,0.429,2,2,1.0,2,6,8,7,1,0,2,1,21,11,1,2022-23,Regular Season,LAL,1,0,20.4,29.7,0.686,6.9,15.7,0.436,4.9,12.4,0.392,1.4,4.0,0.345,1.5,3.9,0.384,7.9,23.1,0.34,0.0,0.1,0.0,101.92,19.88,0.4117647058823529,0.11764705882352941,0.21621621621621623,0.5675675675675675,0.1891891891891892
22022,1626157,0022200092,2022-10-30,34,10,19,0.526,1,7,0.143,5,8,0.625,3,8,11,4,1,2,3,3,26,-22,1,2022-23,Regular Season,SAS,0,1,18.8,29.0,0.646,9.0,21.0,0.431,4.2,10.4,0.401,1.5,3.9,0.385,1.2,3.3,0.357,8.4,24.7,0.34,0.0,0.2,0.0,102.07,25.52,0.3684210526315789,0.42105263157894735,0.3235294117647059,0.7647058823529411,0.11764705882352941
22022,1626157,0022200106,2022-11-01,37,9,18,0.5,3,7,0.429,3,3,1.0,5,5,10,7,0,1,4,4,24,-12,1,2022-23,Regular Season,PHX,0,1,13.7,20.8,0.655,9.4,21.0,0.447,6.9,15.7,0.438,2.4,5.4,0.449,1.7,4.4,0.386,8.1,22.7,0.357,0.0,0.2,0.0,98.83,23.32,0.3888888888888889,0.16666666666666666,0.2702702702702703,0.6486486486486487,0.1891891891891892
22022,1626157,0022200129,2022-11-04,37,9,19,0.474,3,9,0.333,1,1,1.0,2,9,11,5,0,0,2,6,22,-17,1,2022-23,Regular Season,MIL,1,0,17.3,25.1,0.688,5.7,13.3,0.43,4.9,11.7,0.418,1.8,4.8,0.369,1.9,4.9,0.381,11.2,30.5,0.368,0.0,0.1,0.0,101.45,21.44,0.47368421052631576,0.05263157894736842,0.2972972972972973,0.5945945945945946,0.13513513513513514
22022,1626157,0022200137,2022-11-05,30,9,14,0.643,3,6,0.5,4,5,0.8,3,6,9,6,1,2,3,5,25,-1,1,2022-23,Regular Season,HOU,1,1,19.3,30.1,0.643,8.1,19.6,0.412,2.7,7.2,0.379,1.2,3.0,0.38,0.9,2.6,0.338,8.4,26.1,0.321,0.0,0.2,0.0,99.74,19.2,0.42857142857142855,0.35714285714285715,0.3,0.8333333333333334,0.2
22022,1626157,0022200153,2022-11-07,38,9,12,0.75,1,3,0.333,6,6,1.0,0,13,13,7,2,1,3,1,25,-9,1,2022-23,Regular Season,NYK,1,1,17.8,27.3,0.651,8.3,18.0,0.462,3.4,8.6,0.395,2.1,5.1,0.404,1.8,5.1,0.353,8.7,25.3,0.344,0.0,0.1,0.0,97.75,17.64,0.25,0.5,0.34210526315789475,0.6578947368421053,0.18421052631578946
22022,1626157,0022200167,2022-11-09,28,3,7,0.429,1,3,0.333,4,4,1.0,0,8,8,4,0,1,3,4,11,3,1,2022-23,Regular Season,PHX,1,1,13.7,20.8,0.655,9.4,21.0,0.447,6.9,15.7,0.438,2.4,5.4,0.449,1.7,4.4,0.386,8.1,22.7,0.357,0.0,0.2,0.0,98.83,11.76,0.42857142857142855,0.5714285714285714,0.2857142857142857,0.39285714285714285,0.14285714285714285
22022,1626157,0022200181,2022-11-11,26,4,9,0.444,1,4,0.25,4,4,1.0,4,6,10,4,0,0,1,6,13,-5,1,2022-23,Regular Season,MEM,0,0,19.3,29.6,0.65,9.9,21.8,0.455,2.5,6.4,0.393,2.1,5.3,0.387,1.2,3.6,0.349,8.7,25.1,0.346,0.0,0.2,0.067,101.5,11.76,0.4444444444444444,0.4444444444444444,0.38461538461538464,0.5,0.15384615384615385
22022,1626157,0022200193,2022-11-13,37,11,16,0.688,3,6,0.5,4,6,0.667,2,11,13,3,1,1,2,5,29,15,1,2022-23,Regular Season,CLE,0,1,18.5,27.0,0.686,7.9,17.6,0.447,3.6,9.0,0.398,1.4,3.9,0.363,1.5,4.2,0.372,8.6,23.4,0.369,0.0,0.1,0.0,96.27,20.64,0.375,0.375,0.35135135135135137,0.7837837837837838,0.08108108108108109
22022,1626157,0022200212,2022-11-16,36,10,15,0.667,2,5,0.4,8,8,1.0,1,4,5,5,1,0,2,3,30,12,1,2022-23,Regular Season,ORL,0,0,18.1,27.0,0.669,7.0,16.3,0.427,4.7,11.9,0.399,1.6,3.8,0.415,1.2,3.0,0.398,8.0,24.2,0.33,0.0,0.1,0.0,99.66,20.52,0.3333333333333333,0.5333333333333333,0.1388888888888889,0.8333333333333334,0.1388888888888889
22022,1626157,0022200237,2022-11-19,32,5,14,0.357,2,7,0.286,0,0,0.0,0,8,8,3,1,0,3,4,12,2,1,2022-23,Regular Season,PHI,0,0,16.6,25.5,0.653,7.3,16.3,0.447,4.3,9.4,0.454,1.7,4.6,0.376,1.9,4.5,0.425,9.0,23.4,0.385,0.0,0.2,0.0,97.44,17.0,0.5,0.0,0.25,0.375,0.09375
22022,1626157,0022200252,2022-11-21,34,8,15,0.533,2,8,0.25,7,8,0.875,1,7,8,9,1,1,3,6,25,14,1,2022-23,Regular Season,MIA,1,1,13.9,21.2,0.657,9.2,19.3,0.48,4.1,10.0,0.408,1.8,5.1,0.362,1.7,4.5,0.378,8.4,25.0,0.335,0.0,0.1,0.0,96.76,21.52,0.5333333333333333,0.5333333333333333,0.23529411764705882,0.7352941176470589,0.2647058823529412
22022,1626157,0022200262,2022-11-23,37,8,11,0.727,1,1,1.0,6,7,0.857,3,8,11,8,2,2,5,3,23,19,1,2022-23,Regular Season,IND,0,1,18.6,29.1,0.64,6.2,14.8,0.417,3.7,8.7,0.421,1.6,4.4,0.366,1.8,4.5,0.402,10.1,27.9,0.363,0.0,0.2,0.125,101.68,19.08,0.09090909090909091,0.6363636363636364,0.2972972972972973,0.6216216216216216,0.21621621621621623
22022,1626157,0022200272,2022-11-25,37,6,22,0.273,1,11,0.091,6,7,0.857,2,2,4,5,0,2,2,5,19,-4,1,2022-23,Regular Season,CHA,0,1,19.5,30.3,0.645,7.0,18.0,0.389,4.0,9.6,0.418,1.7,5.0,0.338,1.4,3.8,0.365,7.7,23.6,0.325,0.0,0.1,0.0,101.47,27.08,0.5,0.3181818181818182,0.10810810810810811,0.5135135135135135,0.13513513513513514
22022,1626157,0022200291,2022-11-27,31,8,14,0.571,1,5,0.2,4,4,1.0,0,4,4,4,2,0,6,4,21,-26,1,2022-23,Regular Season,GSW,1,0,14.9,21.3,0.7,7.5,15.8,0.475,4.1,9.9,0.413,1.8,4.9,0.368,1.8,4.1,0.43,13.0,33.9,0.385,0.0,0.3,0.043,102.54,21.759999999999998,0.35714285714285715,0.2857142857142857,0.12903225806451613,0.6774193548387096,0.12903225806451613
22022,1626157,0022200300,2022-11-28,22,2,6,0.333,0,1,0.0,4,6,0.667,1,1,2,4,0,0,3,3,8,-6,1,2022-23,Regular Season,WAS,0,0,17.3,24.0,0.72,8.3,19.2,0.432,5.3,12.0,0.442,1.7,4.2,0.41,1.2,3.1,0.385,8.3,24.2,0.343,0.0,0.2,0.125,99.16,11.64,0.16666666666666666,1.0,0.09090909090909091,0.36363636363636365,0.18181818181818182
22022,1626157,0022201090,2023-03-22,26,8,18,0.444,2,3,0.667,4,4,1.0,1,3,4,3,2,0,3,4,22,13,1,2022-23,Regular Season,ATL,1,0,18.0,27.1,0.665,9.1,20.0,0.455,6.7,14.7,0.457,1.7,4.7,0.361,1.4,3.8,0.37,7.7,22.0,0.349,0.0,0.1,0.0,101.56,22.76,0.16666666666666666,0.2222222222222222,0.15384615384615385,0.8461538461538461,0.11538461538461539
22022,1626157,0022201121,2023-03-26,32,5,16,0.313,4,9,0.444,0,0,0.0,0,5,5,3,2,0,3,2,14,7,1,2022-23,Regular Season,GSW,0,0,14.9,21.3,0.7,7.5,15.8,0.475,4.1,9.9,0.413,1.8,4.9,0.368,1.8,4.1,0.43,13.0,33.9,0.385,0.0,0.3,0.043,102.54,19.0,0.5625,0.0,0.15625,0.4375,0.09375
22022,1626157,0022201144,2023-03-29,34,9,17,0.529,5,10,0.5,2,2,1.0,3,5,8,2,0,0,6,3,25,2,1,2022-23,Regular Season,PHX,0,0,13.7,20.8,0.655,9.4,21.0,0.447,6.9,15.7,0.438,2.4,5.4,0.449,1.7,4.4,0.386,8.1,22.7,0.357,0.0,0.2,0.0,98.83,23.88,0.5882352941176471,0.11764705882352941,0.23529411764705882,0.7352941176470589,0.058823529411764705
22022,1626157,0022201157,2023-03-31,36,8,18,0.444,2,7,0.286,5,5,1.0,4,4,8,3,0,0,1,5,23,-6,1,2022-23,Regular Season,LAL,1,0,20.4,29.7,0.686,6.9,15.7,0.436,4.9,12.4,0.392,1.4,4.0,0.345,1.5,3.9,0.384,7.9,23.1,0.34,0.0,0.1,0.0,101.92,21.2,0.3888888888888889,0.2777777777777778,0.2222222222222222,0.6388888888888888,0.08333333333333333
22022,1626157,0022201166,2023-04-02,25,1,3,0.333,1,1,1.0,5,8,0.625,2,7,9,3,0,0,3,5,8,2,1,2022-23,Regular Season,POR,1,0,18.5,28.6,0.648,5.3,12.8,0.417,3.7,8.8,0.425,1.3,3.7,0.346,1.5,4.1,0.375,10.1,27.4,0.368,0.0,0.1,0.0,99.25,9.52,0.3333333333333333,2.6666666666666665,0.36,0.32,0.12
22022,1626157,0022201180,2023-04-04,31,8,15,0.533,1,3,0.333,5,6,0.833,1,13,14,5,0,0,1,3,22,4,1,2022-23,Regular Season,BKN,0,0,15.0,22.4,0.667,7.0,15.3,0.462,6.7,13.6,0.489,1.7,4.4,0.396,1.6,4.1,0.394,9.4,25.2,0.373,0.0,0.1,0.0,98.77,18.64,0.2,0.4,0.45161290322580644,0.7096774193548387,0.16129032258064516
22022,1626157,0022201214,2023-04-08,28,10,19,0.526,2,6,0.333,0,0,0.0,0,8,8,8,0,2,2,2,22,30,1,2022-23,Regular Season,SAS,0,1,18.8,29.0,0.646,9.0,21.0,0.431,4.2,10.4,0.401,1.5,3.9,0.385,1.2,3.3,0.357,8.4,24.7,0.34,0.0,0.2,0.0,102.07,21.0,0.3157894736842105,0.0,0.2857142857142857,0.7857142857142857,0.2857142857142857
22022,1626157,0022201225,2023-04-09,36,10,19,0.526,5,8,0.625,5,6,0.833,2,6,8,2,0,1,2,5,30,4,1,2022-23,Regular Season,NOP,1,1,18.6,28.0,0.666,8.0,18.5,0.435,4.4,11.1,0.398,1.3,3.4,0.384,1.4,3.8,0.365,8.2,22.6,0.365,0.0,0.2,0.0,99.58,23.64,0.42105263157894735,0.3157894736842105,0.2222222222222222,0.8333333333333334,0.05555555555555555
42022,1626157,0042200141,2023-04-16,30,5,15,0.333,1,7,0.143,0,2,0.0,1,9,10,2,0,0,4,2,11,-11,1,2022-23,Playoffs,DEN,0,0,15.4,22.6,0.681,10.6,22.1,0.477,5.1,11.3,0.451,1.4,4.0,0.35,1.2,3.1,0.387,8.7,22.6,0.383,0.0,0.3,0.0,95.18,19.880000000000003,0.4666666666666667,0.13333333333333333,0.3333333333333333,0.36666666666666664,0.06666666666666667
42022,1626157,0042200142,2023-04-19,34,3,12,0.25,2,5,0.4,2,2,1.0,1,11,12,2,0,1,5,5,10,-9,1,2022-23,Playoffs,DEN,0,1,15.4,22.6,0.681,10.6,22.1,0.477,5.1,11.3,0.451,1.4,4.0,0.35,1.2,3.1,0.387,8.7,22.6,0.383,0.0,0.3,0.0,95.18,17.880000000000003,0.4166666666666667,0.16666666666666666,0.35294117647058826,0.29411764705882354,0.058823529411764705
42022,1626157,0042200143,2023-04-21,42,10,17,0.588,2,4,0.5,5,5,1.0,1,6,7,1,1,1,4,2,27,-10,1,2022-23,Playoffs,DEN,1,1,15.4,22.6,0.681,10.6,22.1,0.477,5.1,11.3,0.451,1.4,4.0,0.35,1.2,3.1,0.387,8.7,22.6,0.383,0.0,0.3,0.0,95.18,23.2,0.23529411764705882,0.29411764705882354,0.16666666666666666,0.6428571428571429,0.023809523809523808
42022,1626157,0042200144,2023-04-23,36,5,9,0.556,0,2,0.0,7,10,0.7,2,9,11,2,1,1,2,6,17,-7,1,2022-23,Playoffs,DEN,1,1,15.4,22.6,0.681,10.6,22.1,0.477,5.1,11.3,0.451,1.4,4.0,0.35,1.2,3.1,0.387,8.7,22.6,0.383,0.0,0.3,0.0,95.18,15.4,0.2222222222222222,1.1111111111111112,0.3055555555555556,0.4722222222222222,0.05555555555555555
42022,1626157,0042200145,2023-04-25,38,9,17,0.529,1,6,0.167,7,9,0.778,1,10,11,3,1,1,3,6,26,-9,1,2022-23,Playoffs,DEN,0,1,15.4,22.6,0.681,10.6,22.1,0.477,5.1,11.3,0.451,1.4,4.0,0.35,1.2,3.1,0.387,8.7,22.6,0.383,0.0,0.3,0.0,95.18,23.96,0.35294117647058826,0.5294117647058824,0.2894736842105263,0.6842105263157895,0.07894736842105263
22023,1626157,0022300069,2023-10-25,36,8,25,0.32,2,10,0.2,1,1,1.0,2,8,10,3,0,4,4,2,19,-1,1,2023-24,Regular Season,TOR,0,1,19.2,28.5,0.675,7.8,18.9,0.412,3.8,9.2,0.406,1.7,4.3,0.385,1.6,4.4,0.369,8.2,24.2,0.339,0.0,0.1,0.0,99.91,29.44,0.4,0.04,0.2777777777777778,0.5277777777777778,0.08333333333333333
22023,1626157,0022300093,2023-10-28,31,5,12,0.417,1,4,0.25,1,2,0.5,0,10,10,2,1,0,1,3,12,6,1,2023-24,Regular Season,MIA,1,0,13.5,21.4,0.634,10.0,20.7,0.486,3.8,9.9,0.38,2.1,5.2,0.402,1.9,4.9,0.383,8.5,23.5,0.362,0.0,0.1,0.0,96.88,13.88,0.3333333333333333,0.16666666666666666,0.3225806451612903,0.3870967741935484,0.06451612903225806
22023,1626157,0022300104,2023-10-30,36,7,17,0.412,1,3,0.333,1,1,1.0,2,8,10,3,1,0,0,2,16,-8,1,2023-24,Regular Season,ATL,0,0,16.9,27.1,0.623,8.2,18.7,0.44,4.2,9.0,0.468,2.1,5.9,0.36,1.9,4.7,0.404,9.7,26.9,0.36,0.0,0.2,0.0,100.84,17.44,0.17647058823529413,0.058823529411764705,0.2777777777777778,0.4444444444444444,0.08333333333333333
22023,1626157,0022300123,2023-11-01,31,7,19,0.368,1,4,0.25,6,6,1.0,2,6,8,4,2,0,1,2,21,22,1,2023-24,Regular Season,DEN,1,0,18.6,28.6,0.651,8.1,16.7,0.488,5.6,12.3,0.455,1.5,4.3,0.361,1.4,3.5,0.413,8.7,23.2,0.376,0.0,0.3,0.0,97.43,22.64,0.21052631578947367,0.3157894736842105,0.25806451612903225,0.6774193548387096,0.12903225806451613
22023,1626157,0022300138,2023-11-04,32,7,14,0.5,2,6,0.333,9,10,0.9,0,7,7,1,2,0,2,4,25,24,1,2023-24,Regular Season,UTA,1,0,16.7,24.4,0.687,9.9,22.3,0.444,2.4,6.7,0.358,2.2,5.3,0.418,1.9,5.2,0.36,8.8,25.8,0.343,0.0,0.2,0.0,100.26,20.4,0.42857142857142855,0.7142857142857143,0.21875,0.78125,0.03125
22023,1626157,0022300154,2023-11-06,28,3,10,0.3,1,7,0.143,0,0,0.0,0,10,10,3,0,0,7,6,7,-5,1,2023-24,Regular Season,BOS,1,0,16.9,24.1,0.703,6.6,14.6,0.454,3.9,9.1,0.431,1.9,4.6,0.421,2.1,4.7,0.439,12.5,33.0,0.377,0.0,0.1,0.091,97.98,17.0,0.7,0.0,0.35714285714285715,0.25,0.10714285714285714
22023,1626157,0022300166,2023-11-08,28,9,12,0.75,4,5,0.8,1,2,0.5,0,3,3,0,0,1,3,6,23,12,1,2023-24,Regular Season,NOP,1,1,17.6,26.7,0.659,8.1,18.3,0.441,4.4,9.8,0.445,1.7,4.1,0.429,2.1,5.0,0.424,8.6,23.4,0.37,0.0,0.3,0.045,98.7,15.88,0.4166666666666667,0.16666666666666666,0.10714285714285714,0.8214285714285714,0.0
22023,1626157,0022300013,2023-11-10,34,11,21,0.524,3,7,0.429,4,4,1.0,1,11,12,2,0,0,3,1,29,1,1,2023-24,Regular Season,SAS,0,0,18.4,27.9,0.66,7.3,16.8,0.435,3.6,9.6,0.372,1.6,4.5,0.37,1.7,4.4,0.386,9.3,27.3,0.34,0.0,0.2,0.0,101.8,25.76,0.3333333333333333,0.19047619047619047,0.35294117647058826,0.8529411764705882,0.058823529411764705
22023,1626157,0022300186,2023-11-12,37,8,14,0.571,2,3,0.667,3,3,1.0,2,12,14,3,2,1,1,1,21,11,1,2023-24,Regular Season,GSW,0,1,16.1,22.9,0.703,8.2,18.6,0.441,4.6,11.3,0.41,1.3,3.7,0.361,1.3,3.1,0.417,12.1,31.9,0.38,0.0,0.2,0.067,99.91,16.32,0.21428571428571427,0.21428571428571427,0.3783783783783784,0.5675675675675675,0.08108108108108109
22023,1626157,0022300025,2023-11-14,42,12,26,0.462,5,12,0.417,4,4,1.0,1,10,11,2,2,0,5,1,33,8,1,2023-24,Regular Season,GSW,0,0,16.1,22.9,0.703,8.2,18.6,0.441,4.6,11.3,0.41,1.3,3.7,0.361,1.3,3.1,0.417,12.1,31.9,0.38,0.0,0.2,0.067,99.91,32.760000000000005,0.46153846153846156,0.15384615384615385,0.2619047619047619,0.7857142857142857,0.047619047619047616
22023,1626157,0022300197,2023-11-15,31,10,17,0.588,0,4,0.0,5,5,1.0,1,6,7,2,0,0,1,3,25,-14,1,2023-24,Regular Season,PHX,0,0,15.6,23.1,0.675,7.9,16.7,0.474,6.6,13.8,0.474,1.9,4.5,0.424,1.5,3.8,0.384,9.0,24.2,0.374,0.0,0.0,0.0,99.0,20.2,0.23529411764705882,0.29411764705882354,0.22580645161290322,0.8064516129032258,0.06451612903225806
22023,1626157,0022300203,2023-11-18,33,10,11,0.909,2,2,1.0,7,8,0.875,2,4,6,9,0,2,0,5,29,9,1,2023-24,Regular Season,NOP,0,1,17.6,26.7,0.659,8.1,18.3,0.441,4.4,9.8,0.445,1.7,4.1,0.429,2.1,5.0,0.424,8.6,23.4,0.37,0.0,0.3,0.045,98.7,14.52,0.18181818181818182,0.7272727272727273,0.18181818181818182,0.8787878787878788,0.2727272727272727
22023,1626157,0022300221,2023-11-20,36,6,10,0.6,2,3,0.667,6,7,0.857,0,5,5,4,3,2,3,6,20,14,1,2023-24,Regular Season,NYK,1,1,16.2,25.7,0.631,8.2,18.0,0.459,3.6,9.2,0.392,2.1,5.4,0.39,2.0,4.8,0.425,9.0,25.5,0.355,0.0,0.1,0.125,95.96,16.08,0.3,0.7,0.1388888888888889,0.5555555555555556,0.1111111111111111
22023,1626157,0022300232,2023-11-22,36,9,19,0.474,1,2,0.5,4,5,0.8,0,11,11,3,2,2,4,5,23,18,1,2023-24,Regular Season,PHI,1,1,17.7,28.0,0.631,7.5,17.9,0.42,4.2,10.2,0.416,1.5,3.8,0.387,1.5,3.7,0.407,9.1,25.7,0.354,0.0,0.1,0.0,98.17,25.2,0.10526315789473684,0.2631578947368421,0.3055555555555556,0.6388888888888888,0.08333333333333333
22023,1626157,0022300050,2023-11-24,38,9,15,0.6,4,5,0.8,5,5,1.0,1,10,11,4,0,0,4,3,27,-8,1,2023-24,Regular Season,SAC,1,0,16.1,23.4,0.687,9.4,19.4,0.482,3.5,8.8,0.399,2.2,5.7,0.388,1.6,4.3,0.382,10.5,29.2,0.36,0.0,0.1,0.0,99.46,21.2,0.3333333333333333,0.3333333333333333,0.2894736842105263,0.7105263157894737,0.10526315789473684
22023,1626157,0022300249,2023-11-26,26,7,11,0.636,1,3,0.333,3,3,1.0,0,8,8,2,1,1,4,5,18,7,1,2023-24,Regular Season,MEM,0,1,15.4,25.5,0.606,7.6,18.6,0.408,2.3,6.3,0.362,1.9,5.3,0.355,1.5,4.5,0.342,9.7,27.8,0.348,0.0,0.3,0.0,98.68,16.32,0.2727272727272727,0.2727272727272727,0.3076923076923077,0.6923076923076923,0.07692307692307693
22023,1626157,0022300058,2023-11-28,32,2,8,0.25,1,3,0.333,8,8,1.0,0,10,10,3,0,0,6,4,13,12,1,2023-24,Regular Season,OKC,1,0,18.1,26.8,0.675,8.2,17.5,0.468,5.0,10.9,0.46,2.2,5.3,0.423,1.4,3.5,0.399,9.6,25.3,0.381,0.0,0.1,0.0,100.85,17.52,0.375,1.0,0.3125,0.40625,0.09375
22023,1626157,0022300270,2023-11-30,37,12,22,0.545,4,7,0.571,4,5,0.8,4,7,11,4,2,1,4,3,32,9,1,2023-24,Regular Season,UTA,1,1,16.7,24.4,0.687,9.9,22.3,0.444,2.4,6.7,0.358,2.2,5.3,0.418,1.9,5.2,0.36,8.8,25.8,0.343,0.0,0.2,0.0,100.26,28.2,0.3181818181818182,0.22727272727272727,0.2972972972972973,0.8648648648648649,0.10810810810810811
22023,1626157,0022300281,2023-12-02,32,12,23,0.522,4,8,0.5,0,0,0.0,3,4,7,5,0,0,3,3,28,12,1,2023-24,Regular Season,CHA,0,0,17.2,26.4,0.652,6.7,16.1,0.417,4.0,10.5,0.382,1.5,4.4,0.347,1.3,3.5,0.379,9.2,25.9,0.356,0.0,0.3,0.0,97.81,26.0,0.34782608695652173,0.0,0.21875,0.875,0.15625
22023,1626157,0022301210,2023-12-06,32,5,6,0.833,2,3,0.667,2,3,0.667,1,9,10,2,0,1,6,2,14,-14,1,2023-24,Regular Season,SAS,1,1,18.4,27.9,0.66,7.3,16.8,0.435,3.6,9.6,0.372,1.6,4.5,0.37,1.7,4.4,0.386,9.3,27.3,0.34,0.0,0.2,0.0,101.8,13.32,0.5,0.5,0.3125,0.4375,0.0625
22023,1626157,0022301221,2023-12-08,29,7,14,0.5,2,4,0.5,8,9,0.889,2,5,7,5,1,0,1,4,24,17,1,2023-24,Regular Season,MEM,0,0,15.4,25.5,0.606,7.6,18.6,0.408,2.3,6.3,0.362,1.9,5.3,0.355,1.5,4.5,0.342,9.7,27.8,0.348,0.0,0.3,0.0,98.68,18.96,0.2857142857142857,0.6428571428571429,0.2413793103448276,0.8275862068965517,0.1724137931034483
22023,1626157,0022300301,2023-12-11,33,5,11,0.455,1,3,0.333,6,7,0.857,3,9,12,1,0,0,1,6,17,-12,1,2023-24,Regular Season,NOP,0,0,17.6,26.7,0.659,8.1,18.3,0.441,4.4,9.8,0.445,1.7,4.1,0.429,2.1,5.0,0.424,8.6,23.4,0.37,0.0,0.3,0.045,98.7,15.08,0.2727272727272727,0.6363636363636364,0.36363636363636365,0.5151515151515151,0.030303030303030304
22023,1626157,0022300321,2023-12-14,31,8,14,0.571,1,3,0.333,4,5,0.8,5,12,17,2,0,0,3,1,21,11,1,2023-24,Regular Season,DAL,0,0,16.7,23.6,0.707,7.0,15.3,0.459,4.8,11.2,0.428,2.1,5.9,0.347,2.0,5.3,0.38,10.5,28.1,0.374,0.0,0.2,0.0,100.6,19.2,0.21428571428571427,0.35714285714285715,0.5483870967741935,0.6774193548387096,0.06451612903225806
22023,1626157,0022300338,2023-12-16,35,15,25,0.6,2,3,0.667,8,8,1.0,5,7,12,4,3,2,3,2,40,18,1,2023-24,Regular Season,IND,1,1,20.5,29.9,0.685,8.5,18.0,0.473,4.9,9.6,0.505,1.6,4.0,0.395,2.0,4.6,0.421,9.6,26.4,0.365,0.0,0.1,0.0,102.16,31.52,0.12,0.32,0.34285714285714286,1.1428571428571428,0.11428571428571428
22023,1626157,0022300353,2023-12-18,32,7,14,0.5,1,4,0.25,3,3,1.0,4,4,8,2,1,0,1,3,18,-3,1,2023-24,Regular Season,MIA,0,0,13.5,21.4,0.634,10.0,20.7,0.486,3.8,9.9,0.38,2.1,5.2,0.402,1.9,4.9,0.383,8.5,23.5,0.362,0.0,0.1,0.0,96.88,16.32,0.2857142857142857,0.21428571428571427,0.25,0.5625,0.0625
22023,1626157,0022300367,2023-12-20,38,9,14,0.643,1,2,0.5,4,5,0.8,3,10,13,2,0,0,4,4,23,8,1,2023-24,Regular Season,PHI,0,0,17.7,28.0,0.631,7.5,17.9,0.42,4.2,10.2,0.416,1.5,3.8,0.387,1.5,3.7,0.407,9.1,25.7,0.354,0.0,0.1,0.0,98.17,20.2,0.14285714285714285,0.35714285714285715,0.34210526315789475,0.6052631578947368,0.05263157894736842
22023,1626157,0022300380,2023-12-21,33,7,17,0.412,2,6,0.333,5,6,0.833,0,6,6,4,1,0,0,3,21,12,1,2023-24,Regular Season,LAL,1,0,20.6,28.5,0.724,7.2,17.3,0.418,4.0,10.4,0.386,1.8,4.6,0.398,1.4,3.7,0.373,8.6,22.8,0.376,0.0,0.2,0.0,101.38,19.64,0.35294117647058826,0.35294117647058826,0.18181818181818182,0.6363636363636364,0.12121212121212122
22023,1626157,0022300411,2023-12-26,29,5,10,0.5,0,2,0.0,6,6,1.0,2,4,6,1,0,0,5,2,16,-11,1,2023-24,Regular Season,OKC,0,0,18.1,26.8,0.675,8.2,17.5,0.468,5.0,10.9,0.46,2.2,5.3,0.423,1.4,3.5,0.399,9.6,25.3,0.381,0.0,0.1,0.0,100.85,17.64,0.2,0.6,0.20689655172413793,0.5517241379310345,0.034482758620689655
22023,1626157,0022300423,2023-12-28,27,3,12,0.25,2,6,0.333,2,4,0.5,2,6,8,3,0,0,5,5,10,14,1,2023-24,Regular Season,DAL,1,0,16.7,23.6,0.707,7.0,15.3,0.459,4.8,11.2,0.428,2.1,5.9,0.347,2.0,5.3,0.38,10.5,28.1,0.374,0.0,0.2,0.0,100.6,18.759999999999998,0.5,0.3333333333333333,0.2962962962962963,0.37037037037037035,0.1111111111111111
22023,1626157,0022300443,2023-12-30,29,3,7,0.429,1,4,0.25,2,2,1.0,2,7,9,2,0,0,5,5,9,-23,1,2023-24,Regular Season,LAL,1,0,20.6,28.5,0.724,7.2,17.3,0.418,4.0,10.4,0.386,1.8,4.6,0.398,1.4,3.7,0.373,8.6,22.8,0.376,0.0,0.2,0.0,101.38,12.879999999999999,0.5714285714285714,0.2857142857142857,0.3103448275862069,0.3103448275862069,0.06896551724137931
22023,1626157,0022300451,2024-01-01,32,10,18,0.556,3,5,0.6,6,6,1.0,1,5,6,3,0,0,3,5,29,4,1,2023-24,Regular Season,NYK,0,0,16.2,25.7,0.631,8.2,18.0,0.459,3.6,9.2,0.392,2.1,5.4,0.39,2.0,4.8,0.425,9.0,25.5,0.355,0.0,0.1,0.125,95.96,23.64,0.2777777777777778,0.3333333333333333,0.1875,0.90625,0.09375
22023,1626157,0022300471,2024-01-03,36,8,19,0.421,0,4,0.0,6,7,0.857,2,4,6,2,0,0,1,2,22,-18,1,2023-24,Regular Season,NOP,1,0,17.6,26.7,0.659,8.1,18.3,0.441,4.4,9.8,0.445,1.7,4.1,0.429,2.1,5.0,0.424,8.6,23.4,0.37,0.0,0.3,0.045,98.7,23.08,0.21052631578947367,0.3684210526315789,0.16666666666666666,0.6111111111111112,0.05555555555555555
22023,1626157,0022300485,2024-01-05,31,8,17,0.471,1,4,0.25,5,5,1.0,2,6,8,6,0,1,4,2,22,11,1,2023-24,Regular Season,HOU,0,1,18.0,28.1,0.64,7.0,16.8,0.416,4.1,9.9,0.412,1.2,3.2,0.38,1.4,3.3,0.408,10.1,29.3,0.346,0.0,0.3,0.0,99.59,23.2,0.23529411764705882,0.29411764705882354,0.25806451612903225,0.7096774193548387,0.1935483870967742
22023,1626157,0022300501,2024-01-07,27,8,16,0.5,3,9,0.333,5,6,0.833,0,7,7,1,0,2,3,5,24,-6,1,2023-24,Regular Season,DAL,0,1,16.7,23.6,0.707,7.0,15.3,0.459,4.8,11.2,0.428,2.1,5.9,0.347,2.0,5.3,0.38,10.5,28.1,0.374,0.0,0.2,0.0,100.6,21.64,0.5625,0.375,0.25925925925925924,0.8888888888888888,0.037037037037037035
22023,1626157,0022300513,2024-01-09,34,11,19,0.579,5,5,1.0,1,1,1.0,1,5,6,5,3,0,2,2,28,28,1,2023-24,Regular Season,ORL,0,0,19.6,29.1,0.672,6.3,15.0,0.421,3.6,9.5,0.376,1.7,4.6,0.37,1.4,4.0,0.364,7.9,22.6,0.349,0.0,0.2,0.0,97.37,21.44,0.2631578947368421,0.05263157894736842,0.17647058823529413,0.8235294117647058,0.14705882352941177
22023,1626157,0022300517,2024-01-10,44,8,17,0.471,2,7,0.286,7,7,1.0,1,12,13,6,2,0,1,6,25,-5,1,2023-24,Regular Season,BOS,0,0,16.9,24.1,0.703,6.6,14.6,0.454,3.9,9.1,0.431,1.9,4.6,0.421,2.1,4.7,0.439,12.5,33.0,0.377,0.0,0.1,0.091,97.98,21.08,0.4117647058823529,0.4117647058823529,0.29545454545454547,0.5681818181818182,0.13636363636363635
22023,1626157,0022300538,2024-01-12,28,7,8,0.875,3,3,1.0,6,7,0.857,1,7,8,1,2,0,0,2,23,38,1,2023-24,Regular Season,POR,1,0,16.6,27.4,0.604,6.9,18.2,0.377,4.5,10.9,0.412,1.6,4.4,0.364,1.5,4.0,0.369,8.4,24.6,0.34,0.0,0.1,0.0,97.88,11.08,0.375,0.875,0.2857142857142857,0.8214285714285714,0.03571428571428571
22023,1626157,0022300553,2024-01-14,37,7,12,0.583,2,4,0.5,1,2,0.5,0,6,6,5,0,0,4,4,17,12,1,2023-24,Regular Season,LAC,1,0,,,,,,,,,,,,,,,,,,,,,,,16.880000000000003,0.3333333333333333,0.16666666666666666,0.16216216216216217,0.4594594594594595,0.13513513513513514
22023,1626157,0022300569,2024-01-17,31,10,17,0.588,5,5,1.0,2,2,1.0,2,4,6,4,0,0,1,2,27,7,1,2023-24,Regular Season,DET,0,0,17.0,26.3,0.644,8.0,18.8,0.428,4.9,11.4,0.426,1.4,4.4,0.314,1.9,4.6,0.407,7.8,22.5,0.347,0.0,0.3,0.0,100.45,18.88,0.29411764705882354,0.11764705882352941,0.1935483870967742,0.8709677419354839,0.12903225806451613
22023,1626157,0022300582,2024-01-18,29,5,12,0.417,2,5,0.4,2,3,0.667,0,7,7,2,0,1,1,2,14,-1,1,2023-24,Regular Season,MEM,1,1,15.4,25.5,0.606,7.6,18.6,0.408,2.3,6.3,0.362,1.9,5.3,0.355,1.5,4.5,0.342,9.7,27.8,0.348,0.0,0.3,0.0,98.68,14.32,0.4166666666666667,0.25,0.2413793103448276,0.4827586206896552,0.06896551724137931
22023,1626157,0022300599,2024-01-20,36,4,10,0.4,1,4,0.25,10,10,1.0,1,10,11,2,0,1,3,6,19,-19,1,2023-24,Regular Season,OKC,1,1,18.1,26.8,0.675,8.2,17.5,0.468,5.0,10.9,0.46,2.2,5.3,0.423,1.4,3.5,0.399,9.6,25.3,0.381,0.0,0.1,0.0,100.85,17.4,0.4,1.0,0.3055555555555556,0.5277777777777778,0.05555555555555555
22023,1626157,0022300610,2024-01-22,38,21,35,0.6,10,15,0.667,10,14,0.714,3,5,8,2,0,0,7,2,62,0,1,2023-24,Regular Season,CHA,1,0,17.2,26.4,0.652,6.7,16.1,0.417,4.0,10.5,0.382,1.5,4.4,0.347,1.3,3.5,0.379,9.2,25.9,0.356,0.0,0.3,0.0,97.81,48.16,0.42857142857142855,0.4,0.21052631578947367,1.631578947368421,0.05263157894736842
22023,1626157,0022300620,2024-01-24,35,11,24,0.458,2,10,0.2,3,3,1.0,0,6,6,3,0,1,1,4,27,26,1,2023-24,Regular Season,WAS,0,1,19.9,28.5,0.697,7.5,18.9,0.399,3.2,8.4,0.377,1.6,4.4,0.377,1.6,4.0,0.392,9.1,27.0,0.339,0.0,0.2,0.063,103.07,26.32,0.4166666666666667,0.125,0.17142857142857143,0.7714285714285715,0.08571428571428572
22023,1626157,0022300629,2024-01-25,37,12,15,0.8,2,3,0.667,1,2,0.5,1,9,10,3,0,0,6,3,27,-6,1,2023-24,Regular Season,BKN,0,0,16.9,26.2,0.645,6.9,16.9,0.407,3.6,9.3,0.386,2.1,5.0,0.424,2.0,5.0,0.399,9.1,26.4,0.346,0.0,0.3,0.043,97.56,21.880000000000003,0.2,0.13333333333333333,0.2702702702702703,0.7297297297297297,0.08108108108108109
22023,1626157,0022300649,2024-01-27,32,9,16,0.563,1,4,0.25,0,1,0.0,0,5,5,4,1,2,3,3,19,-14,1,2023-24,Regular Season,SAS,0,1,18.4,27.9,0.66,7.3,16.8,0.435,3.6,9.6,0.372,1.6,4.5,0.37,1.7,4.4,0.386,9.3,27.3,0.34,0.0,0.2,0.0,101.8,19.44,0.25,0.0625,0.15625,0.59375,0.125
22023,1626157,0022300664,2024-01-29,39,6,15,0.4,2,4,0.5,7,8,0.875,1,9,10,6,1,1,2,2,21,8,1,2023-24,Regular Season,OKC,0,1,18.1,26.8,0.675,8.2,17.5,0.468,5.0,10.9,0.46,2.2,5.3,0.423,1.4,3.5,0.399,9.6,25.3,0.381,0.0,0.1,0.0,100.85,20.52,0.26666666666666666,0.5333333333333333,0.2564102564102564,0.5384615384615384,0.15384615384615385
22023,1626157,0022300680,2024-01-31,31,11,15,0.733,4,6,0.667,3,5,0.6,2,7,9,4,1,0,3,2,29,14,1,2023-24,Regular Season,DAL,1,0,16.7,23.6,0.707,7.0,15.3,0.459,4.8,11.2,0.428,2.1,5.9,0.347,2.0,5.3,0.38,10.5,28.1,0.374,0.0,0.2,0.0,100.6,20.2,0.4,0.3333333333333333,0.2903225806451613,0.9354838709677419,0.12903225806451613
22023,1626157,0022300694,2024-02-02,35,7,17,0.412,2,7,0.286,3,3,1.0,0,3,3,1,0,2,6,1,19,-8,1,2023-24,Regular Season,ORL,1,1,19.6,29.1,0.672,6.3,15.0,0.421,3.6,9.5,0.376,1.7,4.6,0.37,1.4,4.0,0.364,7.9,22.6,0.349,0.0,0.2,0.0,97.37,24.32,0.4117647058823529,0.17647058823529413,0.08571428571428572,0.5428571428571428,0.02857142857142857
22023,1626157,0022300709,2024-02-04,27,4,12,0.333,1,3,0.333,5,5,1.0,2,8,10,0,0,2,2,4,14,26,1,2023-24,Regular Season,HOU,1,1,18.0,28.1,0.64,7.0,16.8,0.416,4.1,9.9,0.412,1.2,3.2,0.38,1.4,3.3,0.408,10.1,29.3,0.346,0.0,0.3,0.0,99.59,16.2,0.25,0.4166666666666667,0.37037037037037035,0.5185185185185185,0.0
22023,1626157,0022300723,2024-02-06,39,11,22,0.5,7,16,0.438,4,5,0.8,1,4,5,3,1,2,2,4,33,1,1,2023-24,Regular Season,CHI,0,1,17.0,27.3,0.622,7.2,15.6,0.464,6.4,14.6,0.437,1.8,4.7,0.393,1.7,4.5,0.377,7.9,22.7,0.349,0.0,0.1,0.0,96.94,26.2,0.7272727272727273,0.22727272727272727,0.1282051282051282,0.8461538461538461,0.07692307692307693
22023,1626157,0022300738,2024-02-08,30,7,15,0.467,4,6,0.667,1,2,0.5,2,3,5,1,0,0,1,4,19,21,1,2023-24,Regular Season,MIL,0,0,18.0,25.4,0.708,5.6,13.1,0.428,5.4,12.0,0.45,2.0,4.8,0.407,2.2,5.3,0.416,10.0,27.8,0.36,0.0,0.1,0.0,100.51,16.880000000000003,0.4,0.13333333333333333,0.16666666666666666,0.6333333333333333,0.03333333333333333
22023,1626157,0022300770,2024-02-12,27,8,12,0.667,1,5,0.2,7,8,0.875,0,4,4,3,0,1,1,3,24,17,1,2023-24,Regular Season,LAC,0,1,,,,,,,,,,,,,,,,,,,,,,,16.52,0.4166666666666667,0.6666666666666666,0.14814814814814814,0.8888888888888888,0.1111111111111111
22023,1626157,0022300775,2024-02-13,19,2,7,0.286,1,3,0.333,8,8,1.0,2,3,5,1,1,0,3,3,13,-5,1,2023-24,Regular Season,POR,0,0,16.6,27.4,0.604,6.9,18.2,0.377,4.5,10.9,0.412,1.6,4.4,0.364,1.5,4.0,0.369,8.4,24.6,0.34,0.0,0.1,0.0,97.88,13.52,0.42857142857142855,1.1428571428571428,0.2631578947368421,0.6842105263157895,0.05263157894736842
22023,1626157,0022300791,2024-02-15,30,8,13,0.615,1,2,0.5,6,6,1.0,2,6,8,1,1,2,3,3,23,22,1,2023-24,Regular Season,POR,0,1,16.6,27.4,0.604,6.9,18.2,0.377,4.5,10.9,0.412,1.6,4.4,0.364,1.5,4.0,0.369,8.4,24.6,0.34,0.0,0.1,0.0,97.88,18.64,0.15384615384615385,0.46153846153846156,0.26666666666666666,0.7666666666666667,0.03333333333333333
22023,1626157,0022300808,2024-02-23,35,9,22,0.409,3,9,0.333,1,2,0.5,5,9,14,3,1,0,3,1,22,-2,1,2023-24,Regular Season,MIL,1,0,18.0,25.4,0.708,5.6,13.1,0.428,5.4,12.0,0.45,2.0,4.8,0.407,2.2,5.3,0.416,10.0,27.8,0.36,0.0,0.1,0.0,100.51,25.88,0.4090909090909091,0.09090909090909091,0.4,0.6285714285714286,0.08571428571428572
22023,1626157,0022300815,2024-02-24,36,8,17,0.471,4,8,0.5,8,8,1.0,0,9,9,4,1,2,2,3,28,20,1,2023-24,Regular Season,BKN,1,1,16.9,26.2,0.645,6.9,16.9,0.407,3.6,9.3,0.386,2.1,5.0,0.424,2.0,5.0,0.399,9.1,26.4,0.346,0.0,0.3,0.043,97.56,22.52,0.47058823529411764,0.47058823529411764,0.25,0.7777777777777778,0.1111111111111111
22023,1626157,0022300845,2024-02-28,37,5,13,0.385,3,7,0.429,0,0,0.0,1,10,11,2,3,1,4,1,13,9,1,2023-24,Regular Season,MEM,1,1,15.4,25.5,0.606,7.6,18.6,0.408,2.3,6.3,0.362,1.9,5.3,0.355,1.5,4.5,0.342,9.7,27.8,0.348,0.0,0.3,0.0,98.68,17.0,0.5384615384615384,0.0,0.2972972972972973,0.35135135135135137,0.05405405405405406
22023,1626157,0022300862,2024-03-01,37,7,17,0.412,1,6,0.167,4,5,0.8,2,4,6,5,1,0,3,6,19,1,1,2023-24,Regular Season,SAC,1,0,16.1,23.4,0.687,9.4,19.4,0.482,3.5,8.8,0.399,2.2,5.7,0.388,1.6,4.3,0.382,10.5,29.2,0.36,0.0,0.1,0.0,99.46,22.2,0.35294117647058826,0.29411764705882354,0.16216216216216217,0.5135135135135135,0.13513513513513514
22023,1626157,0022300873,2024-03-03,34,7,18,0.389,2,7,0.286,2,2,1.0,4,5,9,8,0,0,3,5,18,14,1,2023-24,Regular Season,LAC,1,0,,,,,,,,,,,,,,,,,,,,,,,21.88,0.3888888888888889,0.1111111111111111,0.2647058823529412,0.5294117647058824,0.23529411764705882
22023,1626157,0022300881,2024-03-04,21,5,12,0.417,0,3,0.0,4,6,0.667,2,2,4,1,0,2,1,4,14,1,1,2023-24,Regular Season,POR,1,1,16.6,27.4,0.604,6.9,18.2,0.377,4.5,10.9,0.412,1.6,4.4,0.364,1.5,4.0,0.369,8.4,24.6,0.34,0.0,0.1,0.0,97.88,15.64,0.25,0.5,0.19047619047619047,0.6666666666666666,0.047619047619047616
22023,1626157,0022301178,2024-04-12,28,4,11,0.364,1,6,0.167,2,2,1.0,1,4,5,8,0,1,3,2,11,-4,1,2023-24,Regular Season,ATL,1,1,16.9,27.1,0.623,8.2,18.7,0.44,4.2,9.0,0.468,2.1,5.9,0.36,1.9,4.7,0.404,9.7,26.9,0.36,0.0,0.2,0.0,100.84,14.88,0.5454545454545454,0.18181818181818182,0.17857142857142858,0.39285714285714285,0.2857142857142857
22023,1626157,0022301194,2024-04-14,29,3,8,0.375,1,4,0.25,3,4,0.75,2,4,6,2,0,0,5,4,10,-18,1,2023-24,Regular Season,PHX,1,0,15.6,23.1,0.675,7.9,16.7,0.474,6.6,13.8,0.474,1.9,4.5,0.424,1.5,3.8,0.384,9.0,24.2,0.374,0.0,0.0,0.0,99.0,14.76,0.5,0.5,0.20689655172413793,0.3448275862068966,0.06896551724137931
42023,1626157,0042300161,2024-04-20,27,5,9,0.556,1,2,0.5,8,8,1.0,1,6,7,4,1,0,2,4,19,-2,1,2023-24,Playoffs,PHX,1,0,15.3,24.8,0.616,4.5,12.3,0.367,6.0,12.8,0.471,1.3,3.0,0.417,0.5,2.5,0.2,7.8,20.3,0.383,0.0,0.3,0.0,95.25,14.52,0.2222222222222222,0.8888888888888888,0.25925925925925924,0.7037037037037037,0.14814814814814814
42023,1626157,0042300162,2024-04-23,24,3,7,0.429,1,4,0.25,5,5,1.0,0,8,8,1,1,0,4,4,12,16,1,2023-24,Playoffs,PHX,1,0,15.3,24.8,0.616,4.5,12.3,0.367,6.0,12.8,0.471,1.3,3.0,0.417,0.5,2.5,0.2,7.8,20.3,0.383,0.0,0.3,0.0,95.25,13.2,0.5714285714285714,0.7142857142857143,0.3333333333333333,0.5,0.041666666666666664
42023,1626157,0042300163,2024-04-26,24,7,16,0.438,3,5,0.6,1,2,0.5,5,8,13,2,0,0,1,4,18,-1,1,2023-24,Playoffs,PHX,0,0,15.3,24.8,0.616,4.5,12.3,0.367,6.0,12.8,0.471,1.3,3.0,0.417,0.5,2.5,0.2,7.8,20.3,0.383,0.0,0.3,0.0,95.25,17.88,0.3125,0.125,0.5416666666666666,0.75,0.08333333333333333
42023,1626157,0042300164,2024-04-28,39,11,17,0.647,4,6,0.667,2,3,0.667,2,8,10,3,0,0,0,5,28,3,1,2023-24,Playoffs,PHX,0,0,15.3,24.8,0.616,4.5,12.3,0.367,6.0,12.8,0.471,1.3,3.0,0.417,0.5,2.5,0.2,7.8,20.3,0.383,0.0,0.3,0.0,95.25,18.32,0.35294117647058826,0.17647058823529413,0.2564102564102564,0.717948717948718,0.07692307692307693
42023,1626157,0042300231,2024-05-04,31,8,13,0.615,2,4,0.5,2,4,0.5,0,4,4,3,0,0,1,5,20,6,1,2023-24,Playoffs,DEN,0,0,16.8,26.1,0.645,7.4,16.7,0.445,4.2,10.8,0.385,1.8,4.8,0.362,1.5,4.0,0.375,7.2,22.3,0.321,0.1,0.4,0.2,93.67,15.76,0.3076923076923077,0.3076923076923077,0.12903225806451613,0.6451612903225806,0.0967741935483871
42023,1626157,0042300232,2024-05-06,36,10,15,0.667,3,5,0.6,4,4,1.0,2,10,12,1,1,2,2,4,27,21,1,2023-24,Playoffs,DEN,0,1,16.8,26.1,0.645,7.4,16.7,0.445,4.2,10.8,0.385,1.8,4.8,0.362,1.5,4.0,0.375,7.2,22.3,0.321,0.1,0.4,0.2,93.67,18.76,0.3333333333333333,0.26666666666666666,0.3333333333333333,0.75,0.027777777777777776
42023,1626157,0042300233,2024-05-10,33,4,7,0.571,4,5,0.8,2,2,1.0,0,5,5,3,0,0,3,2,14,-32,1,2023-24,Playoffs,DEN,1,0,16.8,26.1,0.645,7.4,16.7,0.445,4.2,10.8,0.385,1.8,4.8,0.362,1.5,4.0,0.375,7.2,22.3,0.321,0.1,0.4,0.2,93.67,10.879999999999999,0.7142857142857143,0.2857142857142857,0.15151515151515152,0.42424242424242425,0.09090909090909091
42023,1626157,0042300234,2024-05-12,38,5,18,0.278,1,4,0.25,2,4,0.5,5,7,12,3,1,0,1,3,13,4,1,2023-24,Playoffs,DEN,1,0,16.8,26.1,0.645,7.4,16.7,0.445,4.2,10.8,0.385,1.8,4.8,0.362,1.5,4.0,0.375,7.2,22.3,0.321,0.1,0.4,0.2,93.67,20.76,0.2222222222222222,0.2222222222222222,0.3157894736842105,0.34210526315789475,0.07894736842105263
42023,1626157,0042300235,2024-05-14,38,10,19,0.526,2,5,0.4,1,2,0.5,1,5,6,4,2,0,2,4,23,-17,1,2023-24,Playoffs,DEN,0,0,16.8,26.1,0.645,7.4,16.7,0.445,4.2,10.8,0.385,1.8,4.8,0.362,1.5,4.0,0.375,7.2,22.3,0.321,0.1,0.4,0.2,93.67,21.88,0.2631578947368421,0.10526315789473684,0.15789473684210525,0.6052631578947368,0.10526315789473684
42023,1626157,0042300236,2024-05-16,29,4,10,0.4,0,4,0.0,2,2,1.0,4,9,13,5,0,0,1,3,10,25,1,2023-24,Playoffs,DEN,1,0,16.8,26.1,0.645,7.4,16.7,0.445,4.2,10.8,0.385,1.8,4.8,0.362,1.5,4.0,0.375,7.2,22.3,0.321,0.1,0.4,0.2,93.67,11.88,0.4,0.2,0.4482758620689655,0.3448275862068966,0.1724137931034483
42023,1626157,0042300237,2024-05-19,39,8,14,0.571,1,6,0.167,6,6,1.0,2,10,12,2,2,1,3,5,23,10,1,2023-24,Playoffs,DEN,0,1,16.8,26.1,0.645,7.4,16.7,0.445,4.2,10.8,0.385,1.8,4.8,0.362,1.5,4.0,0.375,7.2,22.3,0.321,0.1,0.4,0.2,93.67,19.64,0.42857142857142855,0.42857142857142855,0.3076923076923077,0.5897435897435898,0.05128205128205128
42023,1626157,0042300311,2024-05-22,34,6,20,0.3,2,9,0.222,2,2,1.0,3,4,7,2,1,0,1,2,16,-5,1,2023-24,Playoffs,DAL,1,0,15.0,22.0,0.68,8.0,19.1,0.417,4.0,8.8,0.454,2.1,5.4,0.398,1.9,4.8,0.396,7.9,22.7,0.346,0.0,0.2,0.0,93.48,21.88,0.45,0.1,0.20588235294117646,0.47058823529411764,0.058823529411764705
42023,1626157,0042300312,2024-05-24,26,4,16,0.25,1,5,0.2,6,7,0.857,3,4,7,3,2,0,0,2,15,0,1,2023-24,Playoffs,DAL,1,0,15.0,22.0,0.68,8.0,19.1,0.417,4.0,8.8,0.454,2.1,5.4,0.398,1.9,4.8,0.396,7.9,22.7,0.346,0.0,0.2,0.0,93.48,19.08,0.3125,0.4375,0.2692307692307692,0.5769230769230769,0.11538461538461539
42023,1626157,0042300313,2024-05-26,38,5,18,0.278,0,8,0.0,4,5,0.8,1,10,11,3,0,0,0,2,14,-12,1,2023-24,Playoffs,DAL,0,0,15.0,22.0,0.68,8.0,19.1,0.417,4.0,8.8,0.454,2.1,5.4,0.398,1.9,4.8,0.396,7.9,22.7,0.346,0.0,0.2,0.0,93.48,20.2,0.4444444444444444,0.2777777777777778,0.2894736842105263,0.3684210526315789,0.07894736842105263
42023,1626157,0042300314,2024-05-28,30,9,13,0.692,4,5,0.8,3,3,1.0,0,5,5,1,0,0,4,6,25,15,1,2023-24,Playoffs,DAL,0,0,15.0,22.0,0.68,8.0,19.1,0.417,4.0,8.8,0.454,2.1,5.4,0.398,1.9,4.8,0.396,7.9,22.7,0.346,0.0,0.2,0.0,93.48,18.32,0.38461538461538464,0.23076923076923078,0.16666666666666666,0.8333333333333334,0.03333333333333333
42023,1626157,0042300315,2024-05-30,38,9,20,0.45,1,6,0.167,9,10,0.9,6,6,12,2,1,0,2,0,28,-14,1,2023-24,Playoffs,DAL,1,0,15.0,22.0,0.68,8.0,19.1,0.417,4.0,8.8,0.454,2.1,5.4,0.398,1.9,4.8,0.396,7.9,22.7,0.346,0.0,0.2,0.0,93.48,26.4,0.3,0.5,0.3157894736842105,0.7368421052631579,0.05263157894736842
22024,1626157,0022400061,2024-10-22,24,5,9,0.556,1,2,0.5,1,1,1.0,0,7,7,3,0,0,0,1,12,-18,1,2024-25,Regular Season,BOS,0,0,14.5,20.6,0.706,6.1,13.4,0.454,3.2,7.8,0.415,1.8,4.8,0.371,1.9,4.8,0.408,14.0,38.5,0.365,0.0,0.2,0.0,96.59,9.44,0.2222222222222222,0.1111111111111111,0.2916666666666667,0.5,0.125
22024,1626157,0022400081,2024-10-25,32,5,11,0.455,2,2,1.0,9,10,0.9,4,11,15,0,1,2,0,2,21,17,1,2024-25,Regular Season,IND,1,1,16.8,24.6,0.681,8.7,17.8,0.492,4.9,11.2,0.437,1.8,4.4,0.399,2.0,4.9,0.412,9.4,26.2,0.359,0.0,0.3,0.0,100.76,15.4,0.18181818181818182,0.9090909090909091,0.46875,0.65625,0.0
22024,1626157,0022400106,2024-10-28,32,4,8,0.5,1,2,0.5,4,4,1.0,1,9,10,3,1,0,3,6,13,-1,1,2024-25,Regular Season,CLE,1,0,17.1,25.2,0.678,8.5,17.0,0.502,3.0,7.1,0.424,2.3,5.6,0.408,2.0,5.0,0.396,11.6,30.7,0.378,0.0,0.1,0.091,100.31,12.76,0.25,0.5,0.3125,0.40625,0.09375
22024,1626157,0022400122,2024-10-30,39,17,25,0.68,4,5,0.8,6,6,1.0,3,10,13,2,0,0,2,5,44,15,1,2024-25,Regular Season,MIA,0,0,14.6,22.5,0.649,9.0,19.8,0.453,3.2,7.4,0.429,2.5,6.1,0.404,1.9,4.9,0.381,9.4,26.1,0.359,0.0,0.2,0.0,97.08,29.64,0.2,0.24,0.3333333333333333,1.1282051282051282,0.05128205128205128
22024,1626157,0022400134,2024-11-01,27,8,18,0.444,3,6,0.5,2,3,0.667,3,8,11,7,2,1,1,1,21,28,1,2024-25,Regular Season,DET,0,1,17.5,26.5,0.66,9.0,19.4,0.462,3.5,8.5,0.405,1.5,3.9,0.378,1.9,4.9,0.381,9.5,26.4,0.36,0.0,0.2,0.0,100.27,20.32,0.3333333333333333,0.16666666666666666,0.4074074074074074,0.7777777777777778,0.25925925925925924
22024,1626157,0022400161,2024-11-04,32,7,17,0.412,0,2,0.0,3,4,0.75,9,10,19,0,0,1,3,4,17,-26,1,2024-25,Regular Season,HOU,0,1,17.6,27.1,0.649,8.1,20.1,0.405,4.1,10.3,0.396,1.3,3.5,0.369,1.6,4.3,0.372,9.8,27.9,0.351,0.0,0.2,0.0,99.03,21.76,0.11764705882352941,0.23529411764705882,0.59375,0.53125,0.0
22024,1626157,0022400171,2024-11-06,38,11,23,0.478,5,9,0.556,7,7,1.0,5,11,16,1,1,3,3,2,34,-12,1,2024-25,Regular Season,ATL,0,1,18.1,27.7,0.652,9.5,20.9,0.456,2.3,5.5,0.411,1.9,4.8,0.4,2.5,6.0,0.41,9.1,26.6,0.342,0.0,0.2,0.053,103.41,29.08,0.391304347826087,0.30434782608695654,0.42105263157894735,0.8947368421052632,0.02631578947368421
22024,1626157,0022400189,2024-11-08,32,12,20,0.6,4,8,0.5,4,5,0.8,3,8,11,5,0,0,2,4,32,24,1,2024-25,Regular Season,MIL,1,0,16.4,23.9,0.687,5.7,13.0,0.44,5.7,12.8,0.444,2.1,4.6,0.45,2.0,4.7,0.427,10.1,27.2,0.37,0.0,0.2,0.154,99.92,24.2,0.4,0.25,0.34375,1.0,0.15625
22024,1626157,0022400203,2024-11-10,39,11,19,0.579,2,5,0.4,6,8,0.75,1,8,9,0,0,1,2,4,30,-13,1,2024-25,Regular Season,IND,0,1,16.8,24.6,0.681,8.7,17.8,0.492,4.9,11.2,0.437,1.8,4.4,0.399,2.0,4.9,0.412,9.4,26.2,0.359,0.0,0.3,0.0,100.76,24.52,0.2631578947368421,0.42105263157894735,0.23076923076923078,0.7692307692307693,0.0
22024,1626157,0022400004,2024-11-12,38,7,16,0.438,2,6,0.333,5,6,0.833,3,10,13,6,1,1,2,3,21,11,1,2024-25,Regular Season,PHI,0,1,17.2,26.7,0.644,6.3,14.8,0.422,3.6,8.7,0.41,1.5,3.9,0.384,1.5,4.1,0.377,9.6,28.9,0.334,0.0,0.3,0.0,98.13,20.64,0.375,0.375,0.34210526315789475,0.5526315789473685,0.15789473684210525
22024,1626157,0022400219,2024-11-13,39,18,30,0.6,6,12,0.5,4,8,0.5,1,9,10,3,3,0,4,5,46,4,1,2024-25,Regular Season,CHI,1,0,17.6,28.0,0.63,7.8,15.5,0.499,2.4,6.4,0.371,2.5,6.0,0.424,1.6,4.8,0.343,11.2,31.1,0.361,0.0,0.2,0.133,103.61,37.52,0.4,0.26666666666666666,0.2564102564102564,1.1794871794871795,0.07692307692307693
22024,1626157,0022400240,2024-11-17,30,10,16,0.625,1,3,0.333,5,5,1.0,4,11,15,6,1,1,1,5,26,14,1,2024-25,Regular Season,BKN,1,1,15.3,24.5,0.626,6.5,16.7,0.386,2.3,5.5,0.417,1.8,5.3,0.334,2.0,5.6,0.359,9.8,28.3,0.345,0.0,0.2,0.0,96.73,19.2,0.1875,0.3125,0.5,0.8666666666666667,0.2
22024,1626157,0022400246,2024-11-18,25,8,14,0.571,3,4,0.75,5,5,1.0,1,11,12,3,0,0,0,1,24,22,1,2024-25,Regular Season,WAS,1,0,16.0,23.8,0.672,7.1,18.4,0.387,3.2,8.5,0.375,1.4,3.9,0.352,1.0,3.1,0.331,10.7,31.9,0.336,0.0,0.3,0.0,101.82,16.2,0.2857142857142857,0.35714285714285715,0.48,0.96,0.12
22024,1626157,0022400257,2024-11-20,34,12,19,0.632,3,8,0.375,7,8,0.875,1,9,10,2,1,0,3,4,34,23,1,2024-25,Regular Season,PHX,0,0,11.5,16.1,0.714,9.6,20.4,0.47,5.8,11.8,0.489,2.7,6.1,0.438,2.3,5.6,0.402,9.4,26.1,0.36,0.0,0.1,0.0,98.31,25.52,0.42105263157894735,0.42105263157894735,0.29411764705882354,1.0,0.058823529411764705
22024,1626157,0022400264,2024-11-23,39,6,19,0.316,1,9,0.111,3,3,1.0,8,8,16,5,0,1,2,2,16,-34,1,2024-25,Regular Season,UTA,0,1,13.7,20.5,0.667,10.3,22.0,0.468,2.4,6.4,0.375,2.4,5.9,0.399,2.2,5.4,0.4,9.4,28.3,0.332,0.0,0.2,0.067,100.85,22.32,0.47368421052631576,0.15789473684210525,0.41025641025641024,0.41025641025641024,0.1282051282051282
22024,1626157,0022400283,2024-11-25,34,12,15,0.8,2,2,1.0,4,6,0.667,1,14,15,4,3,0,4,4,30,21,1,2024-25,Regular Season,DEN,0,0,20.6,30.1,0.683,8.7,18.0,0.484,4.1,9.7,0.426,1.7,4.0,0.428,1.4,3.3,0.413,8.9,24.2,0.368,0.0,0.5,0.053,100.67,21.64,0.13333333333333333,0.4,0.4411764705882353,0.8823529411764706,0.11764705882352941
22024,1626157,0022400292,2024-11-27,35,7,16,0.438,2,4,0.5,9,10,0.9,1,13,14,4,0,1,1,4,25,-7,1,2024-25,Regular Season,DAL,0,1,16.7,24.1,0.691,8.8,19.5,0.451,4.1,9.9,0.411,1.9,4.8,0.392,1.7,4.6,0.367,8.9,24.6,0.361,0.0,0.2,0.0,100.15,21.4,0.25,0.625,0.4,0.7142857142857143,0.11428571428571428
22024,1626157,0022400040,2024-11-29,39,8,16,0.5,2,5,0.4,1,1,1.0,4,8,12,5,1,2,6,4,19,5,1,2024-25,Regular Season,CHA,0,1,15.3,24.4,0.626,7.2,18.8,0.383,2.8,7.5,0.376,1.9,5.1,0.363,1.6,4.3,0.38,9.5,28.6,0.331,0.0,0.3,0.0,98.22,22.44,0.3125,0.0625,0.3076923076923077,0.48717948717948717,0.1282051282051282
22024,1626157,0022400308,2024-12-01,25,4,12,0.333,1,5,0.2,5,5,1.0,3,16,19,2,1,1,2,1,14,17,1,2024-25,Regular Season,NOP,1,1,17.0,27.0,0.63,7.9,19.1,0.412,3.7,9.0,0.408,1.7,4.4,0.391,1.7,4.7,0.355,8.6,25.5,0.339,0.0,0.1,0.0,99.77,16.2,0.4166666666666667,0.4166666666666667,0.76,0.56,0.08
22024,1626157,0022400053,2024-12-03,36,8,18,0.444,2,5,0.4,5,5,1.0,2,13,15,0,0,2,5,4,23,25,1,2024-25,Regular Season,ORL,1,1,16.0,24.3,0.661,6.9,16.1,0.426,4.0,10.1,0.399,1.7,5.1,0.332,1.8,4.7,0.379,7.7,25.1,0.308,0.0,0.3,0.0,96.51,25.2,0.2777777777777778,0.2777777777777778,0.4166666666666667,0.6388888888888888,0.0
22024,1626157,0022400327,2024-12-05,39,9,15,0.6,2,5,0.4,7,9,0.778,3,13,16,2,0,2,2,4,27,25,1,2024-25,Regular Season,CHA,1,1,15.3,24.4,0.626,7.2,18.8,0.383,2.8,7.5,0.376,1.9,5.1,0.363,1.6,4.3,0.38,9.5,28.6,0.331,0.0,0.3,0.0,98.22,20.96,0.3333333333333333,0.6,0.41025641025641024,0.6923076923076923,0.05128205128205128
22024,1626157,0022400359,2024-12-09,36,7,13,0.538,2,5,0.4,8,10,0.8,2,13,15,6,2,2,3,3,24,10,1,2024-25,Regular Season,TOR,0,1,18.6,30.0,0.621,8.1,19.2,0.421,3.1,7.8,0.396,1.9,5.2,0.364,1.9,4.9,0.394,8.0,23.6,0.339,0.0,0.3,0.0,100.62,20.4,0.38461538461538464,0.7692307692307693,0.4166666666666667,0.6666666666666666,0.16666666666666666
22024,1626157,0022401202,2024-12-11,37,7,15,0.467,2,6,0.333,3,6,0.5,4,15,19,5,3,3,4,6,19,-11,1,2024-25,Regular Season,ATL,1,1,18.1,27.7,0.652,9.5,20.9,0.456,2.3,5.5,0.411,1.9,4.8,0.4,2.5,6.0,0.41,9.1,26.6,0.342,0.0,0.2,0.053,103.41,21.64,0.4,0.4,0.5135135135135135,0.5135135135135135,0.13513513513513514
22024,1626157,0022401227,2024-12-15,43,7,15,0.467,1,3,0.333,7,7,1.0,4,18,22,5,0,1,6,4,22,9,1,2024-25,Regular Season,ORL,0,1,16.0,24.3,0.661,6.9,16.1,0.426,4.0,10.1,0.399,1.7,5.1,0.332,1.8,4.7,0.379,7.7,25.1,0.308,0.0,0.3,0.0,96.51,24.08,0.2,0.4666666666666667,0.5116279069767442,0.5116279069767442,0.11627906976744186
22024,1626157,0022400367,2024-12-19,38,10,12,0.833,5,5,1.0,7,9,0.778,3,17,20,6,2,0,4,2,32,31,1,2024-25,Regular Season,MIN,0,0,17.0,25.1,0.675,6.6,16.2,0.409,2.4,6.4,0.375,2.3,5.6,0.411,1.9,4.8,0.385,10.9,29.1,0.373,0.0,0.3,0.0,97.95,19.96,0.4166666666666667,0.75,0.5263157894736842,0.8421052631578947,0.15789473684210525
22024,1626157,0022400384,2024-12-21,27,3,10,0.3,2,5,0.4,3,3,1.0,2,8,10,4,0,1,5,5,11,1,1,2024-25,Regular Season,NOP,0,1,17.0,27.0,0.63,7.9,19.1,0.412,3.7,9.0,0.408,1.7,4.4,0.391,1.7,4.7,0.355,8.6,25.5,0.339,0.0,0.1,0.0,99.77,16.32,0.5,0.3,0.37037037037037035,0.4074074074074074,0.14814814814814814
22024,1626157,0022400397,2024-12-23,32,11,15,0.733,1,3,0.333,8,10,0.8,3,7,10,7,1,0,1,6,31,17,1,2024-25,Regular Season,TOR,1,0,18.6,30.0,0.621,8.1,19.2,0.421,3.1,7.8,0.396,1.9,5.2,0.364,1.9,4.9,0.394,8.0,23.6,0.339,0.0,0.3,0.0,100.62,20.4,0.2,0.6666666666666666,0.3125,0.96875,0.21875
22024,1626157,0022400405,2024-12-25,30,9,16,0.563,1,5,0.2,2,2,1.0,2,7,9,2,0,0,1,5,21,-13,1,2024-25,Regular Season,SAS,1,0,18.1,27.2,0.666,5.8,13.9,0.419,3.7,9.1,0.409,2.0,5.2,0.376,2.1,5.1,0.407,10.1,29.0,0.347,0.0,0.2,0.0,100.08,17.88,0.3125,0.125,0.3,0.7,0.06666666666666667
22024,1626157,0022400419,2024-12-27,33,6,10,0.6,2,4,0.5,2,4,0.5,1,7,8,0,1,0,4,4,16,17,1,2024-25,Regular Season,ORL,0,0,16.0,24.3,0.661,6.9,16.1,0.426,4.0,10.1,0.399,1.7,5.1,0.332,1.8,4.7,0.379,7.7,25.1,0.308,0.0,0.3,0.0,96.51,15.76,0.4,0.4,0.24242424242424243,0.48484848484848486,0.0
22024,1626157,0022400429,2024-12-28,44,13,19,0.684,2,5,0.4,2,3,0.667,3,11,14,3,0,2,3,3,30,8,1,2024-25,Regular Season,WAS,0,1,16.0,23.8,0.672,7.1,18.4,0.387,3.2,8.5,0.375,1.4,3.9,0.352,1.0,3.1,0.331,10.7,31.9,0.336,0.0,0.3,0.0,101.82,23.32,0.2631578947368421,0.15789473684210525,0.3181818181818182,0.6818181818181818,0.06818181818181818
22024,1626157,0022400443,2024-12-30,32,13,19,0.684,0,3,0.0,6,7,0.857,5,8,13,1,1,0,1,4,32,21,1,2024-25,Regular Season,WAS,0,0,16.0,23.8,0.672,7.1,18.4,0.387,3.2,8.5,0.375,1.4,3.9,0.352,1.0,3.1,0.331,10.7,31.9,0.336,0.0,0.3,0.0,101.82,23.08,0.15789473684210525,0.3684210526315789,0.40625,1.0,0.03125
22024,1626157,0022400458,2025-01-01,37,10,20,0.5,3,6,0.5,8,9,0.889,2,19,21,4,1,1,2,3,31,11,1,2024-25,Regular Season,UTA,1,1,13.7,20.5,0.667,10.3,22.0,0.468,2.4,6.4,0.375,2.4,5.9,0.399,2.2,5.4,0.4,9.4,28.3,0.332,0.0,0.2,0.067,100.85,25.96,0.3,0.45,0.5675675675675675,0.8378378378378378,0.10810810810810811
22024,1626157,0022400473,2025-01-03,42,7,13,0.538,0,0,0.0,3,4,0.75,4,18,22,4,3,0,2,4,17,-6,1,2024-25,Regular Season,OKC,0,0,16.5,24.3,0.679,9.1,19.5,0.467,4.5,10.1,0.448,1.9,4.8,0.395,1.6,3.9,0.408,11.1,30.1,0.368,0.0,0.1,0.0,100.9,16.759999999999998,0.0,0.3076923076923077,0.5238095238095238,0.40476190476190477,0.09523809523809523
22024,1626157,0022400482,2025-01-04,37,17,29,0.586,3,7,0.429,7,10,0.7,6,10,16,5,1,0,3,3,44,-5,1,2024-25,Regular Season,CHI,0,0,17.6,28.0,0.63,7.8,15.5,0.499,2.4,6.4,0.371,2.5,6.0,0.424,1.6,4.8,0.343,11.2,31.1,0.361,0.0,0.2,0.133,103.61,36.4,0.2413793103448276,0.3448275862068966,0.43243243243243246,1.1891891891891893,0.13513513513513514
22024,1626157,0022400511,2025-01-08,34,9,14,0.643,3,3,1.0,6,6,1.0,4,9,13,2,3,2,2,3,27,25,1,2024-25,Regular Season,TOR,1,1,18.6,30.0,0.621,8.1,19.2,0.421,3.1,7.8,0.396,1.9,5.2,0.364,1.9,4.9,0.394,8.0,23.6,0.339,0.0,0.3,0.0,100.62,18.64,0.21428571428571427,0.42857142857142855,0.38235294117647056,0.7941176470588235,0.058823529411764705
22024,1626157,0022400529,2025-01-10,29,9,16,0.563,1,2,0.5,4,4,1.0,3,7,10,1,1,0,3,3,23,-10,1,2024-25,Regular Season,OKC,1,0,16.5,24.3,0.679,9.1,19.5,0.467,4.5,10.1,0.448,1.9,4.8,0.395,1.6,3.9,0.408,11.1,30.1,0.368,0.0,0.1,0.0,100.9,20.76,0.125,0.25,0.3448275862068966,0.7931034482758621,0.034482758620689655
22024,1626157,0022400539,2025-01-12,36,10,16,0.625,2,5,0.4,8,9,0.889,5,13,18,4,1,0,2,3,30,28,1,2024-25,Regular Season,MIL,1,0,16.4,23.9,0.687,5.7,13.0,0.44,5.7,12.8,0.444,2.1,4.6,0.45,2.0,4.7,0.427,10.1,27.2,0.37,0.0,0.2,0.154,99.92,21.96,0.3125,0.5625,0.5,0.8333333333333334,0.1111111111111111
22024,1626157,0022400549,2025-01-13,43,7,17,0.412,4,9,0.444,8,10,0.8,0,12,12,3,1,0,6,5,26,-4,1,2024-25,Regular Season,DET,1,0,17.5,26.5,0.66,9.0,19.4,0.462,3.5,8.5,0.405,1.5,3.9,0.378,1.9,4.9,0.381,9.5,26.4,0.36,0.0,0.2,0.0,100.27,27.4,0.5294117647058824,0.5882352941176471,0.27906976744186046,0.6046511627906976,0.06976744186046512
22024,1626157,0022400602,2025-01-20,37,5,18,0.278,1,6,0.167,2,2,1.0,0,9,9,7,0,1,1,2,13,11,1,2024-25,Regular Season,ATL,1,1,18.1,27.7,0.652,9.5,20.9,0.456,2.3,5.5,0.411,1.9,4.8,0.4,2.5,6.0,0.41,9.1,26.6,0.342,0.0,0.2,0.053,103.41,19.88,0.3333333333333333,0.1111111111111111,0.24324324324324326,0.35135135135135137,0.1891891891891892
22024,1626157,0022400606,2025-01-21,39,11,18,0.611,0,3,0.0,3,4,0.75,5,11,16,6,3,2,5,4,25,16,1,2024-25,Regular Season,BKN,0,1,15.3,24.5,0.626,6.5,16.7,0.386,2.3,5.5,0.417,1.8,5.3,0.334,2.0,5.6,0.359,9.8,28.3,0.345,0.0,0.2,0.0,96.73,24.76,0.16666666666666666,0.2222222222222222,0.41025641025641024,0.6410256410256411,0.15384615384615385
22024,1626157,0022400641,2025-01-25,28,7,18,0.389,0,1,0.0,4,4,1.0,5,10,15,2,1,0,1,1,18,-3,1,2024-25,Regular Season,SAC,1,0,14.1,20.3,0.694,9.9,19.6,0.505,6.5,15.0,0.432,2.2,5.3,0.418,1.2,3.3,0.364,9.2,26.5,0.347,0.0,0.2,0.0,98.91,20.76,0.05555555555555555,0.2222222222222222,0.5357142857142857,0.6428571428571429,0.07142857142857142
22024,1626157,0022400653,2025-01-27,33,9,17,0.529,2,4,0.5,4,4,1.0,6,5,11,1,2,0,2,1,24,23,1,2024-25,Regular Season,MEM,1,0,16.7,24.5,0.682,11.3,24.8,0.457,2.8,6.1,0.458,2.1,5.8,0.364,1.6,4.3,0.371,10.2,27.6,0.371,0.0,0.3,0.043,103.69,20.76,0.23529411764705882,0.23529411764705882,0.3333333333333333,0.7272727272727273,0.030303030303030304
22024,1626157,0022400668,2025-01-29,30,6,12,0.5,0,4,0.0,2,3,0.667,3,7,10,5,0,1,0,4,14,-1,1,2024-25,Regular Season,DEN,1,1,20.6,30.1,0.683,8.7,18.0,0.484,4.1,9.7,0.426,1.7,4.0,0.428,1.4,3.3,0.413,8.9,24.2,0.368,0.0,0.5,0.053,100.67,13.32,0.3333333333333333,0.25,0.3333333333333333,0.4666666666666667,0.16666666666666666
22024,1626157,0022400692,2025-02-01,35,3,12,0.25,1,2,0.5,4,4,1.0,2,4,6,3,0,0,3,5,11,-15,1,2024-25,Regular Season,LAL,1,0,16.8,23.5,0.712,7.3,16.9,0.431,3.6,8.7,0.413,1.9,5.2,0.365,1.7,3.9,0.444,9.7,27.0,0.358,0.0,0.2,0.0,98.34,16.759999999999998,0.16666666666666666,0.3333333333333333,0.17142857142857143,0.3142857142857143,0.08571428571428572
22024,1626157,0022400702,2025-02-03,38,9,20,0.45,1,5,0.2,3,5,0.6,2,7,9,2,1,1,1,6,22,16,1,2024-25,Regular Season,HOU,1,1,17.6,27.1,0.649,8.1,20.1,0.405,4.1,10.3,0.396,1.3,3.5,0.369,1.6,4.3,0.372,9.8,27.9,0.351,0.0,0.2,0.0,99.03,23.2,0.25,0.25,0.23684210526315788,0.5789473684210527,0.05263157894736842
22024,1626157,0022400713,2025-02-04,39,10,19,0.526,2,3,0.667,5,5,1.0,9,11,20,2,0,1,2,1,27,13,1,2024-25,Regular Season,TOR,0,1,18.6,30.0,0.621,8.1,19.2,0.421,3.1,7.8,0.396,1.9,5.2,0.364,1.9,4.9,0.394,8.0,23.6,0.339,0.0,0.3,0.0,100.62,23.2,0.15789473684210525,0.2631578947368421,0.5128205128205128,0.6923076923076923,0.05128205128205128
22024,1626157,0022400748,2025-02-08,28,3,8,0.375,2,2,1.0,1,2,0.5,1,8,9,1,1,1,2,4,9,-26,1,2024-25,Regular Season,BOS,1,1,14.5,20.6,0.706,6.1,13.4,0.454,3.2,7.8,0.415,1.8,4.8,0.371,1.9,4.8,0.408,14.0,38.5,0.365,0.0,0.2,0.0,96.59,10.88,0.25,0.25,0.32142857142857145,0.32142857142857145,0.03571428571428571
22024,1626157,0022400765,2025-02-11,38,14,23,0.609,3,8,0.375,9,9,1.0,4,8,12,5,3,0,2,5,40,14,1,2024-25,Regular Season,IND,0,0,16.8,24.6,0.681,8.7,17.8,0.492,4.9,11.2,0.437,1.8,4.4,0.399,2.0,4.9,0.412,9.4,26.2,0.359,0.0,0.3,0.0,100.76,28.96,0.34782608695652173,0.391304347826087,0.3157894736842105,1.0526315789473684,0.13157894736842105
22024,1626157,0022400773,2025-02-12,47,14,25,0.56,7,10,0.7,9,11,0.818,1,9,10,3,2,0,7,4,44,7,1,2024-25,Regular Season,ATL,1,0,18.1,27.7,0.652,9.5,20.9,0.456,2.3,5.5,0.411,1.9,4.8,0.4,2.5,6.0,0.41,9.1,26.6,0.342,0.0,0.2,0.053,103.41,36.84,0.4,0.44,0.2127659574468085,0.9361702127659575,0.06382978723404255
22024,1626157,0022400792,2025-02-20,43,14,30,0.467,2,10,0.2,2,4,0.5,2,16,18,2,2,0,3,2,32,2,1,2024-25,Regular Season,CHI,1,0,17.6,28.0,0.63,7.8,15.5,0.499,2.4,6.4,0.371,2.5,6.0,0.424,1.6,4.8,0.343,11.2,31.1,0.361,0.0,0.2,0.133,103.61,34.760000000000005,0.3333333333333333,0.13333333333333333,0.4186046511627907,0.7441860465116279,0.046511627906976744
22024,1626157,0022400797,2025-02-21,29,10,15,0.667,1,3,0.333,2,3,0.667,2,5,7,4,1,1,4,1,23,-21,1,2024-25,Regular Season,CLE,0,1,17.1,25.2,0.678,8.5,17.0,0.502,3.0,7.1,0.424,2.3,5.6,0.408,2.0,5.0,0.396,11.6,30.7,0.378,0.0,0.1,0.091,100.31,20.32,0.2,0.2,0.2413793103448276,0.7931034482758621,0.13793103448275862
22024,1626157,0022400811,2025-02-23,41,9,20,0.45,3,4,0.75,3,3,1.0,5,13,18,0,0,0,1,4,24,-1,1,2024-25,Regular Season,BOS,0,0,14.5,20.6,0.706,6.1,13.4,0.454,3.2,7.8,0.415,1.8,4.8,0.371,1.9,4.8,0.408,14.0,38.5,0.365,0.0,0.2,0.0,96.59,22.32,0.2,0.15,0.43902439024390244,0.5853658536585366,0.0
22024,1626157,0022400856,2025-02-28,31,4,11,0.364,1,5,0.2,2,3,0.667,1,6,7,2,0,1,1,5,11,-10,1,2024-25,Regular Season,MEM,0,1,16.7,24.5,0.682,11.3,24.8,0.457,2.8,6.1,0.458,2.1,5.8,0.364,1.6,4.3,0.371,10.2,27.6,0.371,0.0,0.3,0.043,103.69,13.32,0.45454545454545453,0.2727272727272727,0.22580645161290322,0.3548387096774194,0.06451612903225806
22024,1626157,0022400869,2025-03-02,40,6,11,0.545,1,4,0.25,6,7,0.857,4,12,16,0,0,1,3,4,19,10,1,2024-25,Regular Season,MIA,0,1,14.6,22.5,0.649,9.0,19.8,0.453,3.2,7.4,0.429,2.5,6.1,0.404,1.9,4.9,0.381,9.4,26.1,0.359,0.0,0.2,0.0,97.08,17.08,0.36363636363636365,0.6363636363636364,0.4,0.475,0.0
22024,1626157,0022400903,2025-03-06,42,3,13,0.231,1,6,0.167,5,7,0.714,3,11,14,1,1,0,2,5,12,-1,1,2024-25,Regular Season,LAL,0,0,16.8,23.5,0.712,7.3,16.9,0.431,3.6,8.7,0.413,1.9,5.2,0.365,1.7,3.9,0.444,9.7,27.0,0.358,0.0,0.2,0.0,98.34,18.08,0.46153846153846156,0.5384615384615384,0.3333333333333333,0.2857142857142857,0.023809523809523808
22024,1626157,0022400911,2025-03-07,34,8,21,0.381,3,7,0.429,4,4,1.0,2,8,10,2,2,0,3,3,23,-17,1,2024-25,Regular Season,LAC,0,0,,,,,,,,,,,,,,,,,,,,,,,25.76,0.3333333333333333,0.19047619047619047,0.29411764705882354,0.6764705882352942,0.058823529411764705
22024,1626157,0022400939,2025-03-10,28,8,15,0.533,3,6,0.5,7,9,0.778,2,7,9,3,1,1,4,5,26,8,1,2024-25,Regular Season,SAC,0,1,14.1,20.3,0.694,9.9,19.6,0.505,6.5,15.0,0.432,2.2,5.3,0.418,1.2,3.3,0.364,9.2,26.5,0.347,0.0,0.2,0.0,98.91,22.96,0.4,0.6,0.32142857142857145,0.9285714285714286,0.10714285714285714
22024,1626157,0022400953,2025-03-12,39,8,12,0.667,2,4,0.5,3,4,0.75,3,4,7,4,2,1,3,3,21,12,1,2024-25,Regular Season,POR,0,1,18.8,29.6,0.633,5.7,15.3,0.371,3.2,7.6,0.427,1.6,4.5,0.345,1.8,5.0,0.362,9.5,28.0,0.34,0.0,0.2,0.053,99.51,16.759999999999998,0.3333333333333333,0.3333333333333333,0.1794871794871795,0.5384615384615384,0.10256410256410256
22024,1626157,0022400974,2025-03-15,30,12,21,0.571,3,5,0.6,2,2,1.0,5,7,12,3,0,1,2,6,29,-1,1,2024-25,Regular Season,GSW,0,1,14.8,22.3,0.664,7.7,18.0,0.426,2.9,7.7,0.374,2.0,5.6,0.364,2.1,5.0,0.425,11.2,31.5,0.357,0.0,0.3,0.045,99.37,23.88,0.23809523809523808,0.09523809523809523,0.4,0.9666666666666667,0.1
22024,1626157,0022400984,2025-03-17,31,10,17,0.588,3,5,0.6,0,0,0.0,3,4,7,3,0,1,3,3,23,16,1,2024-25,Regular Season,MIA,1,1,14.6,22.5,0.649,9.0,19.8,0.453,3.2,7.4,0.429,2.5,6.1,0.404,1.9,4.9,0.381,9.4,26.1,0.359,0.0,0.2,0.0,97.08,20.0,0.29411764705882354,0.0,0.22580645161290322,0.7419354838709677,0.0967741935483871
22024,1626157,0022401003,2025-03-19,35,11,21,0.524,2,5,0.4,8,9,0.889,4,5,9,2,1,0,3,1,32,-13,1,2024-25,Regular Season,SAS,0,0,18.1,27.2,0.666,5.8,13.9,0.419,3.7,9.1,0.409,2.0,5.2,0.376,2.1,5.1,0.407,10.1,29.0,0.347,0.0,0.2,0.0,100.08,27.96,0.23809523809523808,0.42857142857142855,0.2571428571428571,0.9142857142857143,0.05714285714285714
22024,1626157,0022401010,2025-03-20,36,10,21,0.476,2,4,0.5,2,2,1.0,1,9,10,3,0,0,1,2,24,-15,1,2024-25,Regular Season,CHA,0,0,15.3,24.4,0.626,7.2,18.8,0.383,2.8,7.5,0.376,1.9,5.1,0.363,1.6,4.3,0.38,9.5,28.6,0.331,0.0,0.3,0.0,98.22,22.88,0.19047619047619047,0.09523809523809523,0.2777777777777778,0.6666666666666666,0.08333333333333333
22024,1626157,0022401026,2025-03-22,37,10,20,0.5,1,5,0.2,10,13,0.769,0,11,11,1,2,1,3,2,31,20,1,2024-25,Regular Season,WAS,1,1,16.0,23.8,0.672,7.1,18.4,0.387,3.2,8.5,0.375,1.4,3.9,0.352,1.0,3.1,0.331,10.7,31.9,0.336,0.0,0.3,0.0,101.82,28.72,0.25,0.65,0.2972972972972973,0.8378378378378378,0.02702702702702703
22024,1626157,0022401048,2025-03-25,34,10,19,0.526,2,7,0.286,4,8,0.5,2,10,12,11,1,0,3,3,26,23,1,2024-25,Regular Season,DAL,1,0,16.7,24.1,0.691,8.8,19.5,0.451,4.1,9.9,0.411,1.9,4.8,0.392,1.7,4.6,0.367,8.9,24.6,0.361,0.0,0.2,0.0,100.15,25.52,0.3684210526315789,0.42105263157894735,0.35294117647058826,0.7647058823529411,0.3235294117647059
22024,1626157,0022401056,2025-03-26,39,11,20,0.55,4,7,0.571,8,10,0.8,1,13,14,4,2,0,4,2,34,2,1,2024-25,Regular Season,LAC,1,0,,,,,,,,,,,,,,,,,,,,,,,28.4,0.35,0.5,0.358974358974359,0.8717948717948718,0.10256410256410256
22024,1626157,0022401070,2025-03-28,32,6,16,0.375,1,3,0.333,1,1,1.0,4,6,10,1,2,0,3,5,14,9,1,2024-25,Regular Season,MIL,0,0,16.4,23.9,0.687,5.7,13.0,0.44,5.7,12.8,0.444,2.1,4.6,0.45,2.0,4.7,0.427,10.1,27.2,0.37,0.0,0.2,0.154,99.92,19.44,0.1875,0.0625,0.3125,0.4375,0.03125
22024,1626157,0022401082,2025-03-30,32,4,13,0.308,1,2,0.5,1,1,1.0,3,8,11,2,1,2,2,3,10,1,1,2024-25,Regular Season,POR,1,1,18.8,29.6,0.633,5.7,15.3,0.371,3.2,7.6,0.427,1.6,4.5,0.345,1.8,5.0,0.362,9.5,28.0,0.34,0.0,0.2,0.053,99.51,15.44,0.15384615384615385,0.07692307692307693,0.34375,0.3125,0.0625
22024,1626157,0022401103,2025-04-02,34,9,16,0.563,1,3,0.333,6,7,0.857,3,10,13,1,0,0,7,5,25,-9,1,2024-25,Regular Season,CLE,0,0,17.1,25.2,0.678,8.5,17.0,0.502,3.0,7.1,0.424,2.3,5.6,0.408,2.0,5.0,0.396,11.6,30.7,0.378,0.0,0.1,0.091,100.31,26.08,0.1875,0.4375,0.38235294117647056,0.7352941176470589,0.029411764705882353
22024,1626157,0022401128,2025-04-05,33,10,15,0.667,2,3,0.667,8,9,0.889,2,9,11,3,0,0,3,1,30,27,1,2024-25,Regular Season,ATL,0,0,18.1,27.7,0.652,9.5,20.9,0.456,2.3,5.5,0.411,1.9,4.8,0.4,2.5,6.0,0.41,9.1,26.6,0.342,0.0,0.2,0.053,103.41,21.96,0.2,0.6,0.3333333333333333,0.9090909090909091,0.09090909090909091
22024,1626157,0022401140,2025-04-06,36,7,13,0.538,0,3,0.0,5,6,0.833,2,11,13,1,1,1,1,3,19,16,1,2024-25,Regular Season,PHX,1,1,11.5,16.1,0.714,9.6,20.4,0.47,5.8,11.8,0.489,2.7,6.1,0.438,2.3,5.6,0.402,9.4,26.1,0.36,0.0,0.1,0.0,98.31,16.64,0.23076923076923078,0.46153846153846156,0.3611111111111111,0.5277777777777778,0.027777777777777776
22024,1626157,0022401151,2025-04-08,43,14,21,0.667,1,3,0.333,5,7,0.714,2,12,14,2,1,1,0,4,34,1,1,2024-25,Regular Season,BOS,1,1,14.5,20.6,0.706,6.1,13.4,0.454,3.2,7.8,0.415,1.8,4.8,0.371,1.9,4.8,0.408,14.0,38.5,0.365,0.0,0.2,0.0,96.59,24.08,0.14285714285714285,0.3333333333333333,0.32558139534883723,0.7906976744186046,0.046511627906976744
22024,1626157,0022401167,2025-04-10,29,10,19,0.526,0,1,0.0,5,5,1.0,4,6,10,5,1,0,7,4,25,-5,1,2024-25,Regular Season,DET,0,0,17.5,26.5,0.66,9.0,19.4,0.462,3.5,8.5,0.405,1.5,3.9,0.378,1.9,4.9,0.381,9.5,26.4,0.36,0.0,0.2,0.0,100.27,28.2,0.05263157894736842,0.2631578947368421,0.3448275862068966,0.8620689655172413,0.1724137931034483
42024,1626157,0042400121,2025-04-19,39,10,14,0.714,1,3,0.333,2,2,1.0,0,11,11,5,4,2,0,3,23,22,1,2024-25,Playoffs,DET,1,1,15.8,25.0,0.633,6.8,15.8,0.432,4.3,10.5,0.413,1.3,4.5,0.296,1.7,4.7,0.357,7.2,21.8,0.328,0.0,0.3,0.0,97.92,14.88,0.21428571428571427,0.14285714285714285,0.28205128205128205,0.5897435897435898,0.1282051282051282
42024,1626157,0042400122,2025-04-21,33,5,11,0.455,0,2,0.0,0,0,0.0,0,6,6,0,0,1,0,4,10,-10,1,2024-25,Playoffs,DET,1,1,15.8,25.0,0.633,6.8,15.8,0.432,4.3,10.5,0.413,1.3,4.5,0.296,1.7,4.7,0.357,7.2,21.8,0.328,0.0,0.3,0.0,97.92,11.0,0.18181818181818182,0.0,0.18181818181818182,0.30303030303030304,0.0
42024,1626157,0042400123,2025-04-24,41,10,18,0.556,4,8,0.5,7,7,1.0,0,8,8,1,1,2,2,4,31,8,1,2024-25,Playoffs,DET,0,1,15.8,25.0,0.633,6.8,15.8,0.432,4.3,10.5,0.413,1.3,4.5,0.296,1.7,4.7,0.357,7.2,21.8,0.328,0.0,0.3,0.0,97.92,23.08,0.4444444444444444,0.3888888888888889,0.1951219512195122,0.7560975609756098,0.024390243902439025
42024,1626157,0042400124,2025-04-27,40,10,23,0.435,5,7,0.714,2,2,1.0,1,8,9,1,0,1,3,5,27,5,1,2024-25,Playoffs,DET,0,1,15.8,25.0,0.633,6.8,15.8,0.432,4.3,10.5,0.413,1.3,4.5,0.296,1.7,4.7,0.357,7.2,21.8,0.328,0.0,0.3,0.0,97.92,26.88,0.30434782608695654,0.08695652173913043,0.225,0.675,0.025
42024,1626157,0042400125,2025-04-29,35,5,14,0.357,2,4,0.5,5,6,0.833,1,10,11,1,0,2,0,5,17,-12,1,2024-25,Playoffs,DET,1,1,15.8,25.0,0.633,6.8,15.8,0.432,4.3,10.5,0.413,1.3,4.5,0.296,1.7,4.7,0.357,7.2,21.8,0.328,0.0,0.3,0.0,97.92,16.64,0.2857142857142857,0.42857142857142855,0.3142857142857143,0.4857142857142857,0.02857142857142857
42024,1626157,0042400126,2025-05-01,37,4,10,0.4,0,1,0.0,2,3,0.667,5,10,15,2,2,0,3,6,10,8,1,2024-25,Playoffs,DET,0,0,15.8,25.0,0.633,6.8,15.8,0.432,4.3,10.5,0.413,1.3,4.5,0.296,1.7,4.7,0.357,7.2,21.8,0.328,0.0,0.3,0.0,97.92,14.32,0.1,0.3,0.40540540540540543,0.2702702702702703,0.05405405405405406
42024,1626157,0042400211,2025-05-05,31,6,13,0.462,0,1,0.0,2,2,1.0,4,9,13,0,1,0,2,5,14,8,1,2024-25,Playoffs,BOS,0,0,14.5,20.1,0.724,4.2,13.9,0.301,3.8,9.6,0.396,0.9,3.2,0.286,1.6,3.8,0.421,11.8,32.2,0.367,0.0,0.5,0.0,91.68,15.88,0.07692307692307693,0.15384615384615385,0.41935483870967744,0.45161290322580644,0.0
42024,1626157,0042400212,2025-05-07,35,9,16,0.563,0,1,0.0,3,3,1.0,3,14,17,1,0,1,4,4,21,-2,1,2024-25,Playoffs,BOS,0,1,14.5,20.1,0.724,4.2,13.9,0.301,3.8,9.6,0.396,0.9,3.2,0.286,1.6,3.8,0.421,11.8,32.2,0.367,0.0,0.5,0.0,91.68,21.32,0.0625,0.1875,0.4857142857142857,0.6,0.02857142857142857
42024,1626157,0042400213,2025-05-10,36,5,18,0.278,1,5,0.2,10,11,0.909,5,10,15,0,0,0,1,4,21,-19,1,2024-25,Playoffs,BOS,1,0,14.5,20.1,0.724,4.2,13.9,0.301,3.8,9.6,0.396,0.9,3.2,0.286,1.6,3.8,0.421,11.8,32.2,0.367,0.0,0.5,0.0,91.68,23.84,0.2777777777777778,0.6111111111111112,0.4166666666666667,0.5833333333333334,0.0
42024,1626157,0042400214,2025-05-12,36,11,15,0.733,0,3,0.0,1,1,1.0,3,8,11,1,0,1,4,5,23,-1,1,2024-25,Playoffs,BOS,1,1,14.5,20.1,0.724,4.2,13.9,0.301,3.8,9.6,0.396,0.9,3.2,0.286,1.6,3.8,0.421,11.8,32.2,0.367,0.0,0.5,0.0,91.68,19.439999999999998,0.2,0.06666666666666667,0.3055555555555556,0.6388888888888888,0.027777777777777776
42024,1626157,0042400215,2025-05-14,29,5,11,0.455,1,3,0.333,8,9,0.889,2,6,8,0,1,1,2,4,19,-20,1,2024-25,Playoffs,BOS,0,1,14.5,20.1,0.724,4.2,13.9,0.301,3.8,9.6,0.396,0.9,3.2,0.286,1.6,3.8,0.421,11.8,32.2,0.367,0.0,0.5,0.0,91.68,16.96,0.2727272727272727,0.8181818181818182,0.27586206896551724,0.6551724137931034,0.0
42024,1626157,0042400216,2025-05-16,35,8,20,0.4,1,6,0.167,4,4,1.0,1,11,12,1,1,0,3,4,21,25,1,2024-25,Playoffs,BOS,1,0,14.5,20.1,0.724,4.2,13.9,0.301,3.8,9.6,0.396,0.9,3.2,0.286,1.6,3.8,0.421,11.8,32.2,0.367,0.0,0.5,0.0,91.68,24.76,0.3,0.2,0.34285714285714286,0.6,0.02857142857142857
42024,1626157,0042400301,2025-05-21,39,11,17,0.647,4,8,0.5,9,11,0.818,2,10,12,2,1,1,1,4,35,9,1,2024-25,Playoffs,IND,1,1,13.6,20.7,0.655,7.6,16.4,0.462,6.5,13.5,0.481,1.5,3.6,0.422,2.8,5.7,0.485,8.9,24.1,0.368,0.0,0.3,0.0,98.52,22.84,0.47058823529411764,0.6470588235294118,0.3076923076923077,0.8974358974358975,0.05128205128205128
42024,1626157,0042400302,2025-05-23,28,6,14,0.429,2,5,0.4,6,6,1.0,2,5,7,0,0,0,1,3,20,-20,1,2024-25,Playoffs,IND,1,0,13.6,20.7,0.655,7.6,16.4,0.462,6.5,13.5,0.481,1.5,3.6,0.422,2.8,5.7,0.485,8.9,24.1,0.368,0.0,0.3,0.0,98.52,17.64,0.35714285714285715,0.42857142857142855,0.25,0.7142857142857143,0.0
42024,1626157,0042400303,2025-05-25,33,8,17,0.471,3,7,0.429,5,6,0.833,1,14,15,1,0,0,6,5,24,6,1,2024-25,Playoffs,IND,0,0,13.6,20.7,0.655,7.6,16.4,0.462,6.5,13.5,0.481,1.5,3.6,0.422,2.8,5.7,0.485,8.9,24.1,0.368,0.0,0.3,0.0,98.52,25.64,0.4117647058823529,0.35294117647058826,0.45454545454545453,0.7272727272727273,0.030303030303030304
42024,1626157,0042400304,2025-05-27,37,8,15,0.533,1,2,0.5,7,9,0.778,3,9,12,3,0,0,2,4,24,3,1,2024-25,Playoffs,IND,0,0,13.6,20.7,0.655,7.6,16.4,0.462,6.5,13.5,0.481,1.5,3.6,0.422,2.8,5.7,0.485,8.9,24.1,0.368,0.0,0.3,0.0,98.52,20.96,0.13333333333333333,0.6,0.32432432432432434,0.6486486486486487,0.08108108108108109
42024,1626157,0042400305,2025-05-29,36,10,20,0.5,1,4,0.25,3,5,0.6,2,11,13,3,1,0,4,5,24,26,1,2024-25,Playoffs,IND,1,0,13.6,20.7,0.655,7.6,16.4,0.462,6.5,13.5,0.481,1.5,3.6,0.422,2.8,5.7,0.485,8.9,24.1,0.368,0.0,0.3,0.0,98.52,26.2,0.2,0.25,0.3611111111111111,0.6666666666666666,0.08333333333333333
42024,1626157,0042400306,2025-05-31,38,8,19,0.421,0,4,0.0,6,10,0.6,3,11,14,2,1,0,2,4,22,-16,1,2024-25,Playoffs,IND,0,0,13.6,20.7,0.655,7.6,16.4,0.462,6.5,13.5,0.481,1.5,3.6,0.422,2.8,5.7,0.485,8.9,24.1,0.368,0.0,0.3,0.0,98.52,25.4,0.21052631578947367,0.5263157894736842,0.3684210526315789,0.5789473684210527,0.05263157894736842
22025,1626157,0022500003,2025-10-22,31,5,12,0.417,1,4,0.25,8,9,0.889,1,10,11,2,0,0,3,4,19,2,1,2025-26,Regular Season,CLE,1,0,17.6,25.9,0.679,8.4,17.6,0.478,3.0,6.7,0.452,1.9,4.8,0.402,1.6,4.8,0.345,10.7,30.2,0.355,0.0,0.0,0.0,100.7,18.96,0.3333333333333333,0.75,0.3548387096774194,0.6129032258064516,0.06451612903225806
22025,1626157,0022500018,2025-10-24,33,6,16,0.375,4,6,0.667,10,12,0.833,6,7,13,3,1,1,5,2,26,6,1,2025-26,Regular Season,BOS,1,1,13.5,19.0,0.714,8.6,18.0,0.479,4.5,11.2,0.408,1.7,4.0,0.426,1.4,3.4,0.406,12.4,34.8,0.356,0.0,0.0,0.0,95.58,26.28,0.375,0.75,0.3939393939393939,0.7878787878787878,0.09090909090909091
22025,1626157,0022500108,2025-10-26,36,6,14,0.429,2,8,0.25,1,2,0.5,1,17,18,2,1,2,3,5,15,2,1,2025-26,Regular Season,MIA,0,1,17.8,26.9,0.663,9.5,21.5,0.442,2.7,7.0,0.38,2.2,5.7,0.391,1.5,4.1,0.355,10.0,28.1,0.356,0.0,0.0,0.5,104.22,17.880000000000003,0.5714285714285714,0.14285714285714285,0.5,0.4166666666666667,0.05555555555555555
22025,1626157,0022500125,2025-10-28,35,2,12,0.167,0,3,0.0,4,4,1.0,5,7,12,1,1,1,3,5,8,0,1,2025-26,Regular Season,MIL,0,1,15.3,21.8,0.701,5.7,13.4,0.422,4.7,11.2,0.422,2.6,6.1,0.432,2.2,5.3,0.427,10.2,27.7,0.37,0.0,0.0,0.0,98.33,16.759999999999998,0.25,0.3333333333333333,0.34285714285714286,0.22857142857142856,0.02857142857142857
22025,1626157,0022500023,2025-10-31,32,6,14,0.429,1,5,0.2,9,9,1.0,2,8,10,4,0,1,2,2,22,7,1,2025-26,Regular Season,CHI,0,1,20.1,31.9,0.632,6.4,14.5,0.441,1.6,4.1,0.405,2.0,5.6,0.346,2.0,5.0,0.404,10.3,29.5,0.349,0.0,0.0,1.0,103.22,19.96,0.35714285714285715,0.6428571428571429,0.3125,0.6875,0.125
22025,1626157,0022500153,2025-11-02,36,5,11,0.455,2,2,1.0,8,8,1.0,3,12,15,5,0,2,1,1,20,12,1,2025-26,Regular Season,CHI,1,1,20.1,31.9,0.632,6.4,14.5,0.441,1.6,4.1,0.405,2.0,5.6,0.346,2.0,5.0,0.404,10.3,29.5,0.349,0.0,0.0,1.0,103.22,15.52,0.18181818181818182,0.7272727272727273,0.4166666666666667,0.5555555555555556,0.1388888888888889
22025,1626157,0022500159,2025-11-03,30,12,24,0.5,3,8,0.375,6,7,0.857,5,8,13,5,2,0,3,4,33,13,1,2025-26,Regular Season,WAS,1,0,16.9,24.7,0.682,7.0,17.8,0.392,4.9,11.5,0.429,1.6,4.1,0.387,1.6,3.9,0.399,9.9,28.4,0.349,0.0,0.0,0.0,102.49,30.08,0.3333333333333333,0.2916666666666667,0.43333333333333335,1.1,0.16666666666666666
22025,1626157,0022500175,2025-11-05,31,5,11,0.455,1,5,0.2,4,4,1.0,3,7,10,4,0,2,4,5,15,15,1,2025-26,Regular Season,MIN,1,1,17.8,26.1,0.681,7.4,16.4,0.45,3.7,8.8,0.419,2.0,5.0,0.395,1.7,4.6,0.374,10.1,27.6,0.365,0.0,0.0,0.0,101.5,16.759999999999998,0.45454545454545453,0.36363636363636365,0.3225806451612903,0.4838709677419355,0.12903225806451613
22025,1626157,0022500192,2025-11-09,28,10,17,0.588,0,2,0.0,8,8,1.0,3,9,12,2,2,0,2,5,28,21,1,2025-26,Regular Season,BKN,1,0,16.0,24.8,0.646,6.0,15.1,0.4,2.3,6.1,0.371,1.9,4.8,0.389,1.7,4.8,0.35,9.5,28.8,0.331,0.0,0.0,0.0,97.6,22.52,0.11764705882352941,0.47058823529411764,0.42857142857142855,1.0,0.07142857142857142
22025,1626157,0022500208,2025-11-11,32,7,17,0.412,3,8,0.375,4,5,0.8,4,9,13,4,3,2,2,4,21,0,1,2025-26,Regular Season,MEM,1,1,14.8,22.9,0.646,9.5,20.6,0.463,3.1,7.6,0.403,1.8,5.3,0.336,1.7,4.2,0.401,10.5,30.0,0.349,0.0,0.0,1.0,101.69,21.2,0.47058823529411764,0.29411764705882354,0.40625,0.65625,0.125
22025,1626157,0022500215,2025-11-12,35,6,15,0.4,1,4,0.25,2,2,1.0,2,10,12,4,1,0,2,5,15,-2,1,2025-26,Regular Season,ORL,1,0,18.3,27.6,0.661,7.3,17.7,0.41,3.8,8.8,0.425,2.1,5.1,0.4,1.7,4.6,0.369,8.0,24.4,0.326,0.0,0.0,1.0,100.56,17.880000000000003,0.26666666666666666,0.13333333333333333,0.34285714285714286,0.42857142857142855,0.11428571428571428
22025,1626157,0022500039,2025-11-14,38,13,26,0.5,6,14,0.429,7,9,0.778,2,9,11,4,1,0,0,3,39,13,1,2025-26,Regular Season,MIA,1,0,17.8,26.9,0.663,9.5,21.5,0.442,2.7,7.0,0.38,2.2,5.7,0.391,1.5,4.1,0.355,10.0,28.1,0.356,0.0,0.0,0.5,104.22,29.96,0.5384615384615384,0.34615384615384615,0.2894736842105263,1.0263157894736843,0.10526315789473684
22025,1626157,0022500244,2025-11-17,33,7,19,0.368,1,7,0.143,7,7,1.0,4,11,15,2,0,1,4,5,22,3,1,2025-26,Regular Season,MIA,0,1,17.8,26.9,0.663,9.5,21.5,0.442,2.7,7.0,0.38,2.2,5.7,0.391,1.5,4.1,0.355,10.0,28.1,0.356,0.0,0.0,0.5,104.22,26.08,0.3684210526315789,0.3684210526315789,0.45454545454545453,0.6666666666666666,0.06060606060606061
22025,1626157,0022500262,2025-11-19,35,6,16,0.375,1,6,0.167,5,9,0.556,4,10,14,6,2,0,3,4,18,4,1,2025-26,Regular Season,DAL,0,0,17.0,25.9,0.656,9.4,20.5,0.459,4.5,11.5,0.39,1.8,5.1,0.346,1.8,4.5,0.4,7.4,22.3,0.332,0.0,0.0,0.0,102.62,22.96,0.375,0.5625,0.4,0.5142857142857142,0.17142857142857143
22025,1626157,0022500269,2025-11-22,37,6,14,0.429,2,6,0.333,10,11,0.909,2,6,8,3,0,0,4,3,24,-14,1,2025-26,Regular Season,ORL,0,0,18.3,27.6,0.661,7.3,17.7,0.41,3.8,8.8,0.425,2.1,5.1,0.4,1.7,4.6,0.369,8.0,24.4,0.326,0.0,0.0,1.0,100.56,22.84,0.42857142857142855,0.7857142857142857,0.21621621621621623,0.6486486486486487,0.08108108108108109
22025,1626157,0022500285,2025-11-24,33,14,20,0.7,3,4,0.75,6,6,1.0,3,9,12,3,1,2,1,3,37,25,1,2025-26,Regular Season,BKN,0,1,16.0,24.8,0.646,6.0,15.1,0.4,2.3,6.1,0.371,1.9,4.8,0.389,1.7,4.8,0.35,9.5,28.8,0.331,0.0,0.0,0.0,97.6,23.64,0.2,0.3,0.36363636363636365,1.121212121212121,0.09090909090909091
22025,1626157,0022500061,2025-11-26,32,6,13,0.462,0,3,0.0,7,7,1.0,4,6,10,3,0,0,3,2,19,6,1,2025-26,Regular Season,CHA,0,0,15.3,23.2,0.659,7.4,17.1,0.43,1.9,5.3,0.363,2.2,5.3,0.414,2.0,4.6,0.444,12.1,33.3,0.363,0.0,0.0,0.667,97.59,19.08,0.23076923076923078,0.5384615384615384,0.3125,0.59375,0.09375
22025,1626157,0022500074,2025-11-28,36,2,8,0.25,1,2,0.5,4,5,0.8,3,7,10,4,0,1,2,4,9,0,1,2025-26,Regular Season,MIL,1,1,15.3,21.8,0.701,5.7,13.4,0.422,4.7,11.2,0.422,2.6,6.1,0.432,2.2,5.3,0.427,10.2,27.7,0.37,0.0,0.0,0.0,98.33,12.2,0.25,0.625,0.2777777777777778,0.25,0.1111111111111111
22025,1626157,0022500303,2025-11-30,31,8,15,0.533,1,4,0.25,5,7,0.714,3,5,8,2,0,0,4,3,22,3,1,2025-26,Regular Season,TOR,1,0,18.2,26.7,0.683,8.4,19.0,0.442,4.6,10.6,0.438,1.9,4.5,0.409,1.6,4.5,0.37,7.9,23.1,0.34,0.0,0.0,0.0,99.22,22.08,0.26666666666666666,0.4666666666666667,0.25806451612903225,0.7096774193548387,0.06451612903225806
22025,1626157,0022500320,2025-12-02,33,12,19,0.632,2,5,0.4,3,3,1.0,2,5,7,2,0,1,4,2,29,10,1,2025-26,Regular Season,BOS,0,1,13.5,19.0,0.714,8.6,18.0,0.479,4.5,11.2,0.408,1.7,4.0,0.426,1.4,3.4,0.406,12.4,34.8,0.356,0.0,0.0,0.0,95.58,24.32,0.2631578947368421,0.15789473684210525,0.21212121212121213,0.8787878787878788,0.06060606060606061
22025,1626157,0022500328,2025-12-03,39,13,23,0.565,3,7,0.429,6,7,0.857,5,13,18,5,2,0,1,2,35,21,1,2025-26,Regular Season,CHA,1,0,15.3,23.2,0.659,7.4,17.1,0.43,1.9,5.3,0.363,2.2,5.3,0.414,2.0,4.6,0.444,12.1,33.3,0.363,0.0,0.0,0.667,97.59,27.08,0.30434782608695654,0.30434782608695654,0.46153846153846156,0.8974358974358975,0.1282051282051282
22025,1626157,0022500343,2025-12-05,22,5,11,0.455,4,6,0.667,4,4,1.0,1,8,9,4,1,0,1,1,18,21,1,2025-26,Regular Season,UTA,1,0,15.8,23.5,0.672,10.6,21.9,0.484,3.5,9.0,0.391,2.2,5.7,0.384,1.8,4.9,0.379,8.6,26.1,0.329,0.0,0.0,0.0,103.54,13.76,0.5454545454545454,0.36363636363636365,0.4090909090909091,0.8181818181818182,0.18181818181818182
22025,1626157,0022501202,2025-12-09,31,4,11,0.364,1,2,0.5,5,6,0.833,5,11,16,1,1,2,1,4,14,21,1,2025-26,Regular Season,TOR,0,1,18.2,26.7,0.683,8.4,19.0,0.442,4.6,10.6,0.438,1.9,4.5,0.409,1.6,4.5,0.37,7.9,23.1,0.34,0.0,0.0,0.0,99.22,14.64,0.18181818181818182,0.5454545454545454,0.5161290322580645,0.45161290322580644,0.03225806451612903
22025,1626157,0022501229,2025-12-13,37,9,11,0.818,2,4,0.5,9,10,0.9,1,7,8,2,1,1,0,3,29,12,1,2025-26,Regular Season,ORL,0,1,18.3,27.6,0.661,7.3,17.7,0.41,3.8,8.8,0.425,2.1,5.1,0.4,1.7,4.6,0.369,8.0,24.4,0.326,0.0,0.0,1.0,100.56,15.4,0.36363636363636365,0.9090909090909091,0.21621621621621623,0.7837837837837838,0.05405405405405406
22025,1626157,0022500382,2025-12-19,35,7,15,0.467,1,5,0.2,7,9,0.778,3,8,11,1,0,0,3,4,22,-7,1,2025-26,Regular Season,PHI,1,0,18.5,28.7,0.642,6.6,16.1,0.412,4.3,10.1,0.424,1.5,4.3,0.355,1.5,3.9,0.396,9.3,27.1,0.342,0.0,0.0,1.0,100.39,21.96,0.3333333333333333,0.6,0.3142857142857143,0.6285714285714286,0.02857142857142857
22025,1626157,0022500398,2025-12-21,29,1,5,0.2,0,0,0.0,0,2,0.0,1,5,6,2,2,0,3,4,2,-1,1,2025-26,Regular Season,MIA,1,0,17.8,26.9,0.663,9.5,21.5,0.442,2.7,7.0,0.38,2.2,5.7,0.391,1.5,4.1,0.355,10.0,28.1,0.356,0.0,0.0,0.5,104.22,8.879999999999999,0.0,0.4,0.20689655172413793,0.06896551724137931,0.06896551724137931
22025,1626157,0022500416,2025-12-23,35,14,24,0.583,3,6,0.5,9,11,0.818,4,9,13,1,1,0,5,6,40,6,1,2025-26,Regular Season,MIN,0,0,17.8,26.1,0.681,7.4,16.4,0.45,3.7,8.8,0.419,2.0,5.0,0.395,1.7,4.6,0.374,10.1,27.6,0.365,0.0,0.0,0.0,101.5,33.84,0.25,0.4583333333333333,0.37142857142857144,1.1428571428571428,0.02857142857142857
22025,1626157,0022500009,2025-12-25,27,5,13,0.385,0,2,0.0,1,2,0.5,2,12,14,1,2,0,2,4,11,7,1,2025-26,Regular Season,CLE,1,0,17.6,25.9,0.679,8.4,17.6,0.478,3.0,6.7,0.452,1.9,4.8,0.402,1.6,4.8,0.345,10.7,30.2,0.355,0.0,0.0,0.0,100.7,15.88,0.15384615384615385,0.15384615384615385,0.5185185185185185,0.4074074074074074,0.037037037037037035
22025,1626157,0022500435,2025-12-27,30,8,15,0.533,3,6,0.5,17,18,0.944,5,10,15,1,0,0,2,3,36,-7,1,2025-26,Regular Season,ATL,0,0,17.5,26.5,0.661,8.3,18.7,0.445,3.1,7.3,0.427,1.9,5.0,0.382,2.3,5.7,0.397,10.5,28.8,0.364,0.0,0.0,1.0,102.5,24.92,0.4,1.2,0.5,1.2,0.03333333333333333
22025,1626157,0022500454,2025-12-29,30,4,9,0.444,2,4,0.5,2,2,1.0,2,10,12,4,0,2,0,4,12,6,1,2025-26,Regular Season,NOP,0,1,22.2,34.8,0.639,6.7,17.3,0.384,2.1,6.3,0.341,1.6,3.9,0.399,1.4,3.7,0.382,8.2,24.5,0.333,0.0,0.0,0.0,101.37,9.88,0.4444444444444444,0.2222222222222222,0.4,0.4,0.13333333333333333
22025,1626157,0022500467,2025-12-31,33,5,10,0.5,2,5,0.4,8,8,1.0,1,6,7,4,1,0,3,6,20,-15,1,2025-26,Regular Season,SAS,0,0,19.0,28.0,0.679,7.0,15.4,0.459,3.7,8.6,0.436,2.3,6.0,0.382,2.5,6.4,0.398,8.8,25.5,0.344,0.0,0.0,0.0,100.72,16.52,0.5,0.8,0.21212121212121213,0.6060606060606061,0.12121212121212122
22025,1626157,0022500487,2026-01-03,34,6,16,0.375,0,5,0.0,11,12,0.917,4,10,14,2,2,0,2,2,23,-8,1,2025-26,Regular Season,PHI,1,0,18.5,28.7,0.642,6.6,16.1,0.412,4.3,10.1,0.424,1.5,4.3,0.355,1.5,3.9,0.396,9.3,27.1,0.342,0.0,0.0,1.0,100.39,23.28,0.3125,0.75,0.4117647058823529,0.6764705882352942,0.058823529411764705
22025,1626157,0022500502,2026-01-05,23,1,4,0.25,1,2,0.5,3,3,1.0,0,1,1,1,0,0,6,3,6,-27,1,2025-26,Regular Season,DET,0,0,20.5,30.4,0.673,8.5,20.0,0.424,3.5,8.2,0.421,1.5,4.2,0.35,2.0,5.0,0.392,7.6,21.7,0.349,0.0,0.0,1.0,99.88,11.32,0.5,0.75,0.043478260869565216,0.2608695652173913,0.043478260869565216
22025,1626157,0022500522,2026-01-07,31,6,18,0.333,0,4,0.0,8,10,0.8,4,7,11,7,1,1,2,1,20,16,1,2025-26,Regular Season,LAC,1,1,,,,,,,,,,,,,,,,,,,,,,,24.4,0.2222222222222222,0.5555555555555556,0.3548387096774194,0.6451612903225806,0.22580645161290322
22025,1626157,0022500538,2026-01-09,33,5,11,0.455,2,5,0.4,3,5,0.6,2,10,12,5,0,0,5,4,15,-2,1,2025-26,Regular Season,PHX,0,0,14.0,21.1,0.664,7.6,17.2,0.441,4.7,11.0,0.424,2.0,5.1,0.388,1.6,4.1,0.401,11.1,31.6,0.352,0.0,0.0,0.5,98.14,18.2,0.45454545454545453,0.45454545454545453,0.36363636363636365,0.45454545454545453,0.15151515151515152
22025,1626157,0022500551,2026-01-11,28,9,13,0.692,2,3,0.667,0,1,0.0,3,8,11,3,0,2,2,4,20,-3,1,2025-26,Regular Season,POR,0,1,19.0,28.6,0.664,5.2,13.4,0.384,2.2,5.8,0.38,1.9,5.2,0.369,1.7,5.6,0.309,10.8,31.5,0.344,0.0,0.0,0.0,101.63,15.44,0.23076923076923078,0.07692307692307693,0.39285714285714285,0.7142857142857143,0.10714285714285714
22025,1626157,0022500576,2026-01-14,33,5,14,0.357,0,1,0.0,3,4,0.75,1,3,4,1,5,0,3,5,13,-8,1,2025-26,Regular Season,SAC,0,0,14.0,20.1,0.695,11.4,24.4,0.465,6.0,14.3,0.417,1.5,4.2,0.369,1.1,3.2,0.335,7.7,22.8,0.336,0.0,0.0,0.0,100.12,18.759999999999998,0.07142857142857142,0.2857142857142857,0.12121212121212122,0.3939393939393939,0.030303030303030304
22025,1626157,0022500584,2026-01-15,31,6,14,0.429,2,4,0.5,3,4,0.75,8,12,20,2,1,1,2,5,17,4,1,2025-26,Regular Season,GSW,0,1,15.9,22.8,0.696,6.6,14.9,0.444,2.8,7.0,0.397,2.5,6.1,0.404,2.2,5.5,0.39,11.0,32.4,0.34,0.0,0.0,1.0,100.05,17.759999999999998,0.2857142857142857,0.2857142857142857,0.6451612903225806,0.5483870967741935,0.06451612903225806
22025,1626157,0022500596,2026-01-17,35,7,16,0.438,3,8,0.375,6,6,1.0,2,9,11,2,1,1,3,5,23,-5,1,2025-26,Regular Season,PHX,1,1,14.0,21.1,0.664,7.6,17.2,0.441,4.7,11.0,0.424,2.0,5.1,0.388,1.6,4.1,0.401,11.1,31.6,0.352,0.0,0.0,0.5,98.14,21.64,0.5,0.375,0.3142857142857143,0.6571428571428571,0.05714285714285714
22025,1626157,0022500016,2026-01-19,30,9,19,0.474,2,5,0.4,2,4,0.5,5,13,18,4,1,1,5,5,22,-15,1,2025-26,Regular Season,DAL,1,1,17.0,25.9,0.656,9.4,20.5,0.459,4.5,11.5,0.39,1.8,5.1,0.346,1.8,4.5,0.4,7.4,22.3,0.332,0.0,0.0,0.0,102.62,25.76,0.2631578947368421,0.21052631578947367,0.6,0.7333333333333333,0.13333333333333333
22025,1626157,0022500622,2026-01-21,20,5,8,0.625,2,3,0.667,2,2,1.0,1,7,8,3,1,0,2,3,14,21,1,2025-26,Regular Season,BKN,1,0,16.0,24.8,0.646,6.0,15.1,0.4,2.3,6.1,0.371,1.9,4.8,0.389,1.7,4.8,0.35,9.5,28.8,0.331,0.0,0.0,0.0,97.6,10.88,0.375,0.25,0.4,0.7,0.15
22025,1626157,0022500643,2026-01-24,16,2,4,0.5,1,2,0.5,5,7,0.714,0,6,6,1,0,1,2,6,10,-6,1,2025-26,Regular Season,PHI,0,1,18.5,28.7,0.642,6.6,16.1,0.412,4.3,10.1,0.424,1.5,4.3,0.355,1.5,3.9,0.396,9.3,27.1,0.342,0.0,0.0,1.0,100.39,9.08,0.5,1.75,0.375,0.625,0.0625
22025,1626157,0022500665,2026-01-27,27,5,15,0.333,3,8,0.375,4,4,1.0,3,8,11,4,0,0,2,2,17,-3,1,2025-26,Regular Season,SAC,1,0,14.0,20.1,0.695,11.4,24.4,0.465,6.0,14.3,0.417,1.5,4.2,0.369,1.1,3.2,0.335,7.7,22.8,0.336,0.0,0.0,0.0,100.12,18.76,0.5333333333333333,0.26666666666666666,0.4074074074074074,0.6296296296296297,0.14814814814814814
22025,1626157,0022500675,2026-01-28,35,3,11,0.273,0,2,0.0,2,2,1.0,7,15,22,2,0,1,2,0,8,19,1,2025-26,Regular Season,TOR,0,1,18.2,26.7,0.683,8.4,19.0,0.442,4.6,10.6,0.438,1.9,4.5,0.409,1.6,4.5,0.37,7.9,23.1,0.34,0.0,0.0,0.0,99.22,13.88,0.18181818181818182,0.18181818181818182,0.6285714285714286,0.22857142857142856,0.05714285714285714
22025,1626157,0022500690,2026-01-30,29,5,12,0.417,1,3,0.333,3,4,0.75,6,14,20,3,0,1,0,1,14,17,1,2025-26,Regular Season,POR,1,1,19.0,28.6,0.664,5.2,13.4,0.384,2.2,5.8,0.38,1.9,5.2,0.369,1.7,5.6,0.309,10.8,31.5,0.344,0.0,0.0,0.0,101.63,13.76,0.25,0.3333333333333333,0.6896551724137931,0.4827586206896552,0.10344827586206896
22025,1626157,0022500708,2026-02-01,32,5,11,0.455,0,1,0.0,1,2,0.5,5,8,13,4,2,0,3,3,11,23,1,2025-26,Regular Season,LAL,1,0,16.7,22.4,0.744,9.3,18.9,0.494,4.2,9.4,0.446,1.6,4.7,0.348,1.3,3.7,0.344,8.9,24.5,0.364,0.0,0.0,0.0,99.22,14.88,0.09090909090909091,0.18181818181818182,0.40625,0.34375,0.125
22025,1626157,0022500718,2026-02-03,26,7,16,0.438,1,4,0.25,4,6,0.667,2,13,15,3,2,0,1,1,19,30,1,2025-26,Regular Season,WAS,0,0,16.9,24.7,0.682,7.0,17.8,0.392,4.9,11.5,0.429,1.6,4.1,0.387,1.6,3.9,0.399,9.9,28.4,0.349,0.0,0.0,0.0,102.49,19.64,0.25,0.375,0.5769230769230769,0.7307692307692307,0.11538461538461539
22025,1626157,0022500726,2026-02-04,31,9,13,0.692,2,6,0.333,4,4,1.0,3,9,12,1,0,0,1,6,24,12,1,2025-26,Regular Season,DEN,1,0,16.1,23.6,0.683,8.7,18.2,0.477,4.6,10.2,0.451,2.2,4.8,0.458,2.0,4.7,0.425,9.9,26.2,0.378,0.0,0.0,1.0,99.49,15.76,0.46153846153846156,0.3076923076923077,0.3870967741935484,0.7741935483870968,0.03225806451612903
22025,1626157,0022500757,2026-02-08,29,3,9,0.333,0,2,0.0,5,6,0.833,0,10,10,1,1,0,3,3,11,10,1,2025-26,Regular Season,BOS,0,0,13.5,19.0,0.714,8.6,18.0,0.479,4.5,11.2,0.408,1.7,4.0,0.426,1.4,3.4,0.406,12.4,34.8,0.356,0.0,0.0,0.0,95.58,14.64,0.2222222222222222,0.6666666666666666,0.3448275862068966,0.3793103448275862,0.034482758620689655
22025,1626157,0022500771,2026-02-10,32,8,17,0.471,1,6,0.167,5,6,0.833,3,11,14,3,0,0,5,6,22,6,1,2025-26,Regular Season,IND,1,0,15.7,24.1,0.651,7.4,16.6,0.444,4.4,10.8,0.405,1.4,4.0,0.355,1.9,4.9,0.385,10.0,28.6,0.351,0.0,0.0,0.0,101.78,24.64,0.35294117647058826,0.35294117647058826,0.4375,0.6875,0.09375
22025,1626157,0022500780,2026-02-11,26,8,13,0.615,1,1,1.0,4,4,1.0,4,7,11,5,1,1,2,3,21,29,1,2025-26,Regular Season,PHI,0,1,18.5,28.7,0.642,6.6,16.1,0.412,4.3,10.1,0.424,1.5,4.3,0.355,1.5,3.9,0.396,9.3,27.1,0.342,0.0,0.0,1.0,100.39,16.759999999999998,0.07692307692307693,0.3076923076923077,0.4230769230769231,0.8076923076923077,0.19230769230769232
22025,1626157,0022500796,2026-02-19,31,7,14,0.5,1,4,0.25,6,6,1.0,5,6,11,4,1,0,2,3,21,0,1,2025-26,Regular Season,DET,1,0,20.5,30.4,0.673,8.5,20.0,0.424,3.5,8.2,0.421,1.5,4.2,0.35,2.0,5.0,0.392,7.6,21.7,0.349,0.0,0.0,1.0,99.88,18.64,0.2857142857142857,0.42857142857142855,0.3548387096774194,0.6774193548387096,0.12903225806451613
22025,1626157,0022500816,2026-02-21,34,10,15,0.667,3,3,1.0,2,2,1.0,2,5,7,1,1,0,2,4,25,23,1,2025-26,Regular Season,HOU,1,0,16.3,24.5,0.664,10.3,21.7,0.475,4.9,12.1,0.407,1.5,4.3,0.361,2.0,5.2,0.384,7.9,21.9,0.36,0.0,0.0,0.5,96.98,17.880000000000003,0.2,0.13333333333333333,0.20588235294117646,0.7352941176470589,0.029411764705882353
22025,1626157,0022500825,2026-02-22,32,10,17,0.588,5,9,0.556,3,4,0.75,4,7,11,2,3,0,3,4,28,13,1,2025-26,Regular Season,CHI,0,0,20.1,31.9,0.632,6.4,14.5,0.441,1.6,4.1,0.405,2.0,5.6,0.346,2.0,5.0,0.404,10.3,29.5,0.349,0.0,0.0,1.0,103.22,21.76,0.5294117647058824,0.23529411764705882,0.34375,0.875,0.0625
22025,1626157,0022500835,2026-02-24,29,5,5,1.0,1,1,1.0,3,4,0.75,1,6,7,2,1,2,5,2,14,-9,1,2025-26,Regular Season,CLE,0,1,17.6,25.9,0.679,8.4,17.6,0.478,3.0,6.7,0.452,1.9,4.8,0.402,1.6,4.8,0.345,10.7,30.2,0.355,0.0,0.0,0.0,100.7,11.76,0.2,0.8,0.2413793103448276,0.4827586206896552,0.06896551724137931
22025,1626157,0022500860,2026-02-27,29,6,13,0.462,1,1,1.0,4,4,1.0,3,10,13,1,0,0,1,3,17,21,1,2025-26,Regular Season,MIL,0,0,15.3,21.8,0.701,5.7,13.4,0.422,4.7,11.2,0.422,2.6,6.1,0.432,2.2,5.3,0.427,10.2,27.7,0.37,0.0,0.0,0.0,98.33,15.76,0.07692307692307693,0.3076923076923077,0.4482758620689655,0.5862068965517241,0.034482758620689655
22025,1626157,0022500868,2026-03-01,28,5,9,0.556,0,1,0.0,2,3,0.667,5,9,14,1,1,0,4,4,12,7,1,2025-26,Regular Season,SAS,1,0,19.0,28.0,0.679,7.0,15.4,0.459,3.7,8.6,0.436,2.3,6.0,0.382,2.5,6.4,0.398,8.8,25.5,0.344,0.0,0.0,0.0,100.72,14.32,0.1111111111111111,0.3333333333333333,0.5,0.42857142857142855,0.03571428571428571
22025,1626157,0022500887,2026-03-03,29,10,17,0.588,1,4,0.25,0,0,0.0,2,10,12,6,1,1,3,3,21,7,1,2025-26,Regular Season,TOR,0,1,18.2,26.7,0.683,8.4,19.0,0.442,4.6,10.6,0.438,1.9,4.5,0.409,1.6,4.5,0.37,7.9,23.1,0.34,0.0,0.0,0.0,99.22,20.0,0.23529411764705882,0.0,0.41379310344827586,0.7241379310344828,0.20689655172413793
22025,1626157,0022500893,2026-03-04,33,7,8,0.875,0,0,0.0,3,4,0.75,9,8,17,1,0,0,0,6,17,-18,1,2025-26,Regular Season,OKC,1,0,17.1,24.9,0.686,7.5,16.7,0.451,4.6,9.6,0.482,2.0,5.5,0.364,1.5,3.8,0.409,10.3,28.7,0.359,0.0,0.0,0.0,100.37,9.76,0.0,0.5,0.5151515151515151,0.5151515151515151,0.030303030303030304
22025,1626157,0022500911,2026-03-06,27,7,12,0.583,1,4,0.25,2,3,0.667,1,12,13,2,1,0,1,4,17,19,1,2025-26,Regular Season,DEN,0,0,16.1,23.6,0.683,8.7,18.2,0.477,4.6,10.2,0.451,2.2,4.8,0.458,2.0,4.7,0.425,9.9,26.2,0.378,0.0,0.0,1.0,99.49,14.32,0.3333333333333333,0.25,0.48148148148148145,0.6296296296296297,0.07407407407407407
22025,1626157,0022500922,2026-03-08,34,8,17,0.471,1,5,0.2,8,8,1.0,1,15,16,2,1,1,2,4,25,-9,1,2025-26,Regular Season,LAL,0,1,16.7,22.4,0.744,9.3,18.9,0.494,4.2,9.4,0.446,1.6,4.7,0.348,1.3,3.7,0.344,8.9,24.5,0.364,0.0,0.0,0.0,99.22,22.52,0.29411764705882354,0.47058823529411764,0.47058823529411764,0.7352941176470589,0.058823529411764705
22025,1626157,0022500935,2026-03-09,36,13,17,0.765,3,4,0.75,6,8,0.75,2,10,12,7,0,1,3,6,35,-12,1,2025-26,Regular Season,LAC,0,1,,,,,,,,,,,,,,,,,,,,,,,23.52,0.23529411764705882,0.47058823529411764,0.3333333333333333,0.9722222222222222,0.19444444444444445
22025,1626157,0022500949,2026-03-11,30,8,13,0.615,3,6,0.5,2,2,1.0,0,7,7,7,0,0,2,1,21,20,1,2025-26,Regular Season,UTA,0,0,15.8,23.5,0.672,10.6,21.9,0.484,3.5,9.0,0.391,2.2,5.7,0.384,1.8,4.9,0.379,8.6,26.1,0.329,0.0,0.0,0.0,103.54,15.88,0.46153846153846156,0.15384615384615385,0.23333333333333334,0.7,0.23333333333333334
22025,1626157,0022500981,2026-03-15,31,7,12,0.583,0,2,0.0,3,4,0.75,5,7,12,2,1,1,3,2,17,0,1,2025-26,Regular Season,GSW,1,1,15.9,22.8,0.696,6.6,14.9,0.444,2.8,7.0,0.397,2.5,6.1,0.404,2.2,5.5,0.39,11.0,32.4,0.34,0.0,0.0,1.0,100.05,16.759999999999998,0.16666666666666666,0.3333333333333333,0.3870967741935484,0.5483870967741935,0.06451612903225806
22025,1626157,0022500994,2026-03-17,32,9,21,0.429,2,7,0.286,2,3,0.667,5,6,11,2,3,1,1,3,22,20,1,2025-26,Regular Season,IND,1,1,15.7,24.1,0.651,7.4,16.6,0.444,4.4,10.8,0.405,1.4,4.0,0.355,1.9,4.9,0.385,10.0,28.6,0.351,0.0,0.0,0.0,101.78,23.32,0.3333333333333333,0.14285714285714285,0.34375,0.6875,0.0625
22025,1626157,0022501016,2026-03-20,29,7,16,0.438,1,3,0.333,11,13,0.846,6,9,15,1,1,0,4,4,26,7,1,2025-26,Regular Season,BKN,0,0,16.0,24.8,0.646,6.0,15.1,0.4,2.3,6.1,0.371,1.9,4.8,0.389,1.7,4.8,0.35,9.5,28.8,0.331,0.0,0.0,0.0,97.6,25.72,0.1875,0.8125,0.5172413793103449,0.896551724137931,0.034482758620689655
22025,1626157,0022501034,2026-03-22,26,9,13,0.692,1,2,0.5,7,7,1.0,4,12,16,3,1,0,2,2,26,16,1,2025-26,Regular Season,WAS,1,0,16.9,24.7,0.682,7.0,17.8,0.392,4.9,11.5,0.429,1.6,4.1,0.387,1.6,3.9,0.399,9.9,28.4,0.349,0.0,0.0,0.0,102.49,18.08,0.15384615384615385,0.5384615384615384,0.6153846153846154,1.0,0.11538461538461539
22025,1626157,0022501048,2026-03-24,24,8,17,0.471,2,6,0.333,3,3,1.0,3,11,14,1,0,0,2,3,21,-11,1,2025-26,Regular Season,NOP,1,0,22.2,34.8,0.639,6.7,17.3,0.384,2.1,6.3,0.341,1.6,3.9,0.399,1.4,3.7,0.382,8.2,24.5,0.333,0.0,0.0,0.0,101.37,20.32,0.35294117647058826,0.17647058823529413,0.5833333333333334,0.875,0.041666666666666664
22025,1626157,0022501063,2026-03-26,22,5,8,0.625,1,1,1.0,2,2,1.0,0,3,3,2,0,0,1,3,13,-18,1,2025-26,Regular Season,CHA,0,0,15.3,23.2,0.659,7.4,17.1,0.43,1.9,5.3,0.363,2.2,5.3,0.414,2.0,4.6,0.444,12.1,33.3,0.363,0.0,0.0,0.667,97.59,9.88,0.125,0.25,0.13636363636363635,0.5909090909090909,0.09090909090909091
22025,1626157,0022501089,2026-03-29,34,5,9,0.556,0,1,0.0,5,5,1.0,7,11,18,2,1,0,4,3,15,-10,1,2025-26,Regular Season,OKC,0,0,17.1,24.9,0.686,7.5,16.7,0.451,4.6,9.6,0.482,2.0,5.5,0.364,1.5,3.8,0.409,10.3,28.7,0.359,0.0,0.0,0.0,100.37,15.2,0.1111111111111111,0.5555555555555556,0.5294117647058824,0.4411764705882353,0.058823529411764705
22025,1626157,0022501102,2026-03-31,34,7,17,0.412,2,4,0.5,6,8,0.75,2,6,8,3,0,0,1,0,22,-11,1,2025-26,Regular Season,HOU,0,0,16.3,24.5,0.664,10.3,21.7,0.475,4.9,12.1,0.407,1.5,4.3,0.361,2.0,5.2,0.384,7.9,21.9,0.36,0.0,0.0,0.5,96.98,21.52,0.23529411764705882,0.47058823529411764,0.23529411764705882,0.6470588235294118,0.08823529411764706
22025,1626157,0022501003,2026-04-01,29,8,12,0.667,0,0,0.0,4,5,0.8,6,5,11,11,0,1,7,3,20,5,1,2025-26,Regular Season,MEM,0,1,14.8,22.9,0.646,9.5,20.6,0.463,3.1,7.6,0.403,1.8,5.3,0.336,1.7,4.2,0.401,10.5,30.0,0.349,0.0,0.0,1.0,101.69,21.2,0.0,0.4166666666666667,0.3793103448275862,0.6896551724137931,0.3793103448275862
22025,1626157,0022501143,2026-04-06,32,9,12,0.75,2,4,0.5,1,1,1.0,1,11,12,6,2,1,3,2,21,2,1,2025-26,Regular Season,ATL,0,1,17.5,26.5,0.661,8.3,18.7,0.445,3.1,7.3,0.427,1.9,5.0,0.382,2.3,5.7,0.397,10.5,28.8,0.364,0.0,0.0,1.0,102.5,15.44,0.3333333333333333,0.08333333333333333,0.375,0.65625,0.1875
22025,1626157,0022501168,2026-04-09,30,6,12,0.5,1,4,0.25,3,3,1.0,2,10,12,4,2,0,1,3,16,5,1,2025-26,Regular Season,BOS,1,0,13.5,19.0,0.714,8.6,18.0,0.479,4.5,11.2,0.408,1.7,4.0,0.426,1.4,3.4,0.406,12.4,34.8,0.356,0.0,0.0,0.0,95.58,14.32,0.3333333333333333,0.25,0.4,0.5333333333333333,0.13333333333333333
22025,1626157,0022501176,2026-04-10,30,8,12,0.667,1,3,0.333,5,5,1.0,2,8,10,5,0,0,1,3,22,11,1,2025-26,Regular Season,TOR,1,0,18.2,26.7,0.683,8.4,19.0,0.442,4.6,10.6,0.438,1.9,4.5,0.409,1.6,4.5,0.37,7.9,23.1,0.34,0.0,0.0,0.0,99.22,15.2,0.25,0.4166666666666667,0.3333333333333333,0.7333333333333333,0.16666666666666666
42025,1626157,0042500121,2026-04-18,33,6,13,0.462,3,4,0.75,10,10,1.0,2,6,8,4,1,3,5,5,25,3,1,2025-26,Playoffs,ATL,1,1,16.5,24.0,0.688,5.5,15.0,0.367,3.2,8.3,0.38,2.0,5.8,0.343,1.8,5.3,0.344,7.5,25.2,0.298,0.0,0.0,0.0,96.67,22.4,0.3076923076923077,0.7692307692307693,0.24242424242424243,0.7575757575757576,0.12121212121212122
42025,1626157,0042500122,2026-04-20,34,8,12,0.667,2,5,0.4,0,0,0.0,3,5,8,2,0,2,3,4,18,5,1,2025-26,Playoffs,ATL,1,1,16.5,24.0,0.688,5.5,15.0,0.367,3.2,8.3,0.38,2.0,5.8,0.343,1.8,5.3,0.344,7.5,25.2,0.298,0.0,0.0,0.0,96.67,15.0,0.4166666666666667,0.0,0.23529411764705882,0.5294117647058824,0.058823529411764705
42025,1626157,0042500123,2026-04-23,34,7,12,0.583,1,3,0.333,6,6,1.0,4,13,17,4,2,2,3,2,21,22,1,2025-26,Playoffs,ATL,0,1,16.5,24.0,0.688,5.5,15.0,0.367,3.2,8.3,0.38,2.0,5.8,0.343,1.8,5.3,0.344,7.5,25.2,0.298,0.0,0.0,0.0,96.67,17.64,0.25,0.5,0.5,0.6176470588235294,0.11764705882352941
42025,1626157,0042500124,2026-04-25,29,6,10,0.6,1,2,0.5,7,9,0.778,3,7,10,10,2,0,2,5,20,16,1,2025-26,Playoffs,ATL,0,0,16.5,24.0,0.688,5.5,15.0,0.367,3.2,8.3,0.38,2.0,5.8,0.343,1.8,5.3,0.344,7.5,25.2,0.298,0.0,0.0,0.0,96.67,15.96,0.2,0.9,0.3448275862068966,0.6896551724137931,0.3448275862068966
42025,1626157,0042500125,2026-04-28,34,5,7,0.714,1,3,0.333,5,6,0.833,1,13,14,6,2,2,3,2,16,11,1,2025-26,Playoffs,ATL,1,1,16.5,24.0,0.688,5.5,15.0,0.367,3.2,8.3,0.38,2.0,5.8,0.343,1.8,5.3,0.344,7.5,25.2,0.298,0.0,0.0,0.0,96.67,12.64,0.42857142857142855,0.8571428571428571,0.4117647058823529,0.47058823529411764,0.17647058823529413
42025,1626157,0042500126,2026-04-30,28,1,4,0.25,0,1,0.0,10,10,1.0,4,7,11,10,3,1,3,3,12,35,1,2025-26,Playoffs,ATL,0,1,16.5,24.0,0.688,5.5,15.0,0.367,3.2,8.3,0.38,2.0,5.8,0.343,1.8,5.3,0.344,7.5,25.2,0.298,0.0,0.0,0.0,96.67,11.4,0.25,2.5,0.39285714285714285,0.42857142857142855,0.35714285714285715
42025,1626157,0042500211,2026-05-04,20,7,11,0.636,3,5,0.6,0,0,0.0,2,4,6,6,0,2,3,4,17,11,1,2025-26,Playoffs,PHI,1,1,14.3,21.5,0.665,5.9,14.7,0.401,5.9,14.1,0.419,1.4,3.4,0.405,1.4,3.8,0.357,8.4,25.6,0.326,0.0,0.0,0.0,94.59,14.0,0.45454545454545453,0.0,0.3,0.85,0.3
42025,1626157,0042500212,2026-05-06,27,6,8,0.75,1,1,1.0,7,9,0.778,2,8,10,7,1,0,3,4,20,6,1,2025-26,Playoffs,PHI,1,0,14.3,21.5,0.665,5.9,14.7,0.401,5.9,14.1,0.419,1.4,3.4,0.405,1.4,3.8,0.357,8.4,25.6,0.326,0.0,0.0,0.0,94.59,14.96,0.125,1.125,0.37037037037037035,0.7407407407407407,0.25925925925925924
42025,1626157,0042500213,2026-05-08,26,3,8,0.375,0,2,0.0,2,2,1.0,4,8,12,7,0,1,1,5,8,3,1,2025-26,Playoffs,PHI,0,1,14.3,21.5,0.665,5.9,14.7,0.401,5.9,14.1,0.419,1.4,3.4,0.405,1.4,3.8,0.357,8.4,25.6,0.326,0.0,0.0,0.0,94.59,9.88,0.25,0.25,0.46153846153846156,0.3076923076923077,0.2692307692307692
42025,1626157,0042500214,2026-05-10,20,5,7,0.714,2,3,0.667,5,6,0.833,2,2,4,10,0,2,2,5,17,23,1,2025-26,Playoffs,PHI,0,1,14.3,21.5,0.665,5.9,14.7,0.401,5.9,14.1,0.419,1.4,3.4,0.405,1.4,3.8,0.357,8.4,25.6,0.326,0.0,0.0,0.0,94.59,11.64,0.42857142857142855,0.8571428571428571,0.2,0.85,0.5
42025,1626157,0042500301,2026-05-19,40,6,14,0.429,1,5,0.2,0,0,0.0,4,9,13,5,1,1,7,4,13,13,1,2025-26,Playoffs,CLE,1,1,14.3,21.0,0.683,7.8,17.1,0.455,2.8,5.8,0.486,1.7,4.7,0.357,1.7,4.6,0.366,9.2,28.9,0.317,0.0,0.0,0.0,95.78,21.0,0.35714285714285715,0.0,0.325,0.325,0.125
42025,1626157,0042500302,2026-05-21,36,7,12,0.583,3,5,0.6,1,2,0.5,0,13,13,1,0,0,0,3,18,18,1,2025-26,Playoffs,CLE,1,0,14.3,21.0,0.683,7.8,17.1,0.455,2.8,5.8,0.486,1.7,4.7,0.357,1.7,4.6,0.366,9.2,28.9,0.317,0.0,0.0,0.0,95.78,12.88,0.4166666666666667,0.16666666666666666,0.3611111111111111,0.5,0.027777777777777776
42025,1626157,0042500303,2026-05-23,36,4,9,0.444,1,3,0.333,4,4,1.0,3,5,8,7,3,1,0,4,13,23,1,2025-26,Playoffs,CLE,0,1,14.3,21.0,0.683,7.8,17.1,0.455,2.8,5.8,0.486,1.7,4.7,0.357,1.7,4.6,0.366,9.2,28.9,0.317,0.0,0.0,0.0,95.78,10.76,0.3333333333333333,0.4444444444444444,0.2222222222222222,0.3611111111111111,0.19444444444444445
42025,1626157,0042500304,2026-05-25,26,8,11,0.727,3,3,1.0,0,0,0.0,2,12,14,3,2,2,2,4,19,25,1,2025-26,Playoffs,CLE,0,1,14.3,21.0,0.683,7.8,17.1,0.455,2.8,5.8,0.486,1.7,4.7,0.357,1.7,4.6,0.366,9.2,28.9,0.317,0.0,0.0,0.0,95.78,13.0,0.2727272727272727,0.0,0.5384615384615384,0.7307692307692307,0.11538461538461539
