TEAM_ABBR,Restricted_Area_FGM,Restricted_Area_FGA,Restricted_Area_FG_PCT,In_The_Paint_Non_RA_FGM,In_The_Paint_Non_RA_FGA,In_The_Paint_Non_RA_FG_PCT,Mid_Range_FGM,Mid_Range_FGA,Mid_Range_FG_PCT,Left_Corner_3_FGM,Left_Corner_3_FGA,Left_Corner_3_FG_PCT,Right_Corner_3_FGM,Right_Corner_3_FGA,Right_Corner_3_FG_PCT,Above_the_Break_3_FGM,Above_the_Break_3_FGA,Above_the_Break_3_FG_PCT,Backcourt_FGM,Backcourt_FGA,Backcourt_FG_PCT,SEASON,SEASON_TYPE
ATL,18.0,27.1,0.665,9.1,20.0,0.455,6.7,14.7,0.457,1.7,4.7,0.361,1.4,3.8,0.37,7.7,22.0,0.349,0.0,0.1,0.0,2022-23,Regular Season
BOS,16.5,23.9,0.689,6.7,15.0,0.447,3.0,7.3,0.413,2.0,5.0,0.396,2.0,5.0,0.413,12.0,32.4,0.369,0.0,0.1,0.0,2022-23,Regular Season
BKN,15.0,22.4,0.667,7.0,15.3,0.462,6.7,13.6,0.489,1.7,4.4,0.396,1.6,4.1,0.394,9.4,25.2,0.373,0.0,0.1,0.0,2022-23,Regular Season
CHA,19.5,30.3,0.645,7.0,18.0,0.389,4.0,9.6,0.418,1.7,5.0,0.338,1.4,3.8,0.365,7.7,23.6,0.325,0.0,0.1,0.0,2022-23,Regular Season
CHI,18.1,27.2,0.668,6.1,13.0,0.469,7.9,17.8,0.445,1.8,4.5,0.399,1.3,3.3,0.385,7.3,20.9,0.349,0.0,0.0,0.0,2022-23,Regular Season
CLE,18.5,27.0,0.686,7.9,17.6,0.447,3.6,9.0,0.398,1.4,3.9,0.363,1.5,4.2,0.372,8.6,23.4,0.369,0.0,0.1,0.0,2022-23,Regular Season
DAL,14.9,22.0,0.676,6.5,13.2,0.494,3.5,8.1,0.425,2.4,5.6,0.433,2.2,5.9,0.37,10.5,29.1,0.363,0.0,0.3,0.04,2022-23,Regular Season
DEN,20.5,29.0,0.708,7.0,15.4,0.456,4.3,10.9,0.391,1.7,4.5,0.38,1.6,3.6,0.439,8.5,22.7,0.373,0.0,0.3,0.074,2022-23,Regular Season
DET,15.7,24.4,0.643,7.6,18.3,0.413,5.0,12.0,0.413,1.7,4.5,0.369,1.7,4.4,0.375,8.0,23.2,0.345,0.0,0.2,0.0,2022-23,Regular Season
GSW,14.9,21.3,0.7,7.5,15.8,0.475,4.1,9.9,0.413,1.8,4.9,0.368,1.8,4.1,0.43,13.0,33.9,0.385,0.0,0.3,0.043,2022-23,Regular Season
HOU,19.3,30.1,0.643,8.1,19.6,0.412,2.7,7.2,0.379,1.2,3.0,0.38,0.9,2.6,0.338,8.4,26.1,0.321,0.0,0.2,0.0,2022-23,Regular Season
IND,18.6,29.1,0.64,6.2,14.8,0.417,3.7,8.7,0.421,1.6,4.4,0.366,1.8,4.5,0.402,10.1,27.9,0.363,0.0,0.2,0.125,2022-23,Regular Season
,15.7,24.0,0.653,7.1,15.6,0.453,5.6,13.1,0.429,1.7,4.8,0.365,1.7,3.9,0.444,9.2,24.5,0.377,0.0,0.2,0.067,2022-23,Regular Season
LAL,20.4,29.7,0.686,6.9,15.7,0.436,4.9,12.4,0.392,1.4,4.0,0.345,1.5,3.9,0.384,7.9,23.1,0.34,0.0,0.1,0.0,2022-23,Regular Season
MEM,19.3,29.6,0.65,9.9,21.8,0.455,2.5,6.4,0.393,2.1,5.3,0.387,1.2,3.6,0.349,8.7,25.1,0.346,0.0,0.2,0.067,2022-23,Regular Season
MIA,13.9,21.2,0.657,9.2,19.3,0.48,4.1,10.0,0.408,1.8,5.1,0.362,1.7,4.5,0.378,8.4,25.0,0.335,0.0,0.1,0.0,2022-23,Regular Season
MIL,17.3,25.1,0.688,5.7,13.3,0.43,4.9,11.7,0.418,1.8,4.8,0.369,1.9,4.9,0.381,11.2,30.5,0.368,0.0,0.1,0.0,2022-23,Regular Season
MIN,20.0,29.2,0.685,7.1,16.4,0.434,3.7,8.6,0.424,1.8,4.5,0.401,1.5,4.0,0.371,8.8,24.4,0.36,0.0,0.3,0.0,2022-23,Regular Season
NOP,18.6,28.0,0.666,8.0,18.5,0.435,4.4,11.1,0.398,1.3,3.4,0.384,1.4,3.8,0.365,8.2,22.6,0.365,0.0,0.2,0.0,2022-23,Regular Season
NYK,17.8,27.3,0.651,8.3,18.0,0.462,3.4,8.6,0.395,2.1,5.1,0.404,1.8,5.1,0.353,8.7,25.3,0.344,0.0,0.1,0.0,2022-23,Regular Season
OKC,19.4,31.0,0.625,8.2,19.4,0.423,3.4,8.1,0.418,1.7,4.4,0.388,1.2,2.9,0.41,9.2,26.6,0.347,0.0,0.1,0.0,2022-23,Regular Season
ORL,18.1,27.0,0.669,7.0,16.3,0.427,4.7,11.9,0.399,1.6,3.8,0.415,1.2,3.0,0.398,8.0,24.2,0.33,0.0,0.1,0.0,2022-23,Regular Season
PHI,16.6,25.5,0.653,7.3,16.3,0.447,4.3,9.4,0.454,1.7,4.6,0.376,1.9,4.5,0.425,9.0,23.4,0.385,0.0,0.2,0.0,2022-23,Regular Season
PHX,13.7,20.8,0.655,9.4,21.0,0.447,6.9,15.7,0.438,2.4,5.4,0.449,1.7,4.4,0.386,8.1,22.7,0.357,0.0,0.2,0.0,2022-23,Regular Season
POR,18.5,28.6,0.648,5.3,12.8,0.417,3.7,8.8,0.425,1.3,3.7,0.346,1.5,4.1,0.375,10.1,27.4,0.368,0.0,0.1,0.0,2022-23,Regular Season
SAC,18.5,26.6,0.695,7.7,16.1,0.477,3.7,8.2,0.447,2.0,4.9,0.406,1.5,3.9,0.384,10.2,28.3,0.361,0.0,0.1,0.0,2022-23,Regular Season
SAS,18.8,29.0,0.646,9.0,21.0,0.431,4.2,10.4,0.401,1.5,3.9,0.385,1.2,3.3,0.357,8.4,24.7,0.34,0.0,0.2,0.0,2022-23,Regular Season
TOR,17.7,26.8,0.662,8.7,20.3,0.429,4.7,12.3,0.385,1.7,4.5,0.375,1.5,4.4,0.35,7.5,22.8,0.327,0.0,0.3,0.0,2022-23,Regular Season
UTA,16.8,25.0,0.672,9.8,20.7,0.472,2.6,6.4,0.409,1.7,4.1,0.415,1.9,4.7,0.409,9.7,28.7,0.337,0.0,0.2,0.0,2022-23,Regular Season
WAS,17.3,24.0,0.72,8.3,19.2,0.432,5.3,12.0,0.442,1.7,4.2,0.41,1.2,3.1,0.385,8.3,24.2,0.343,0.0,0.2,0.125,2022-23,Regular Season
ATL,14.5,24.3,0.596,9.0,21.2,0.425,6.5,13.5,0.481,2.0,4.8,0.414,1.3,2.8,0.471,10.7,29.5,0.362,0.0,0.2,0.0,2022-23,Playoffs
BOS,16.2,23.4,0.692,7.6,16.6,0.456,3.1,7.0,0.446,2.3,4.4,0.517,1.4,4.2,0.333,10.4,29.9,0.348,0.0,0.3,0.0,2022-23,Playoffs
BKN,11.8,18.5,0.635,6.0,14.0,0.429,5.0,10.3,0.488,1.3,4.8,0.263,1.3,3.8,0.333,8.8,25.8,0.34,0.0,0.3,0.0,2022-23,Playoffs
CLE,14.8,22.4,0.661,6.8,16.2,0.42,3.6,9.2,0.391,1.0,3.8,0.263,2.0,5.0,0.4,7.0,21.6,0.324,0.0,0.2,0.0,2022-23,Playoffs
DEN,15.4,22.6,0.681,10.6,22.1,0.477,5.1,11.3,0.451,1.4,4.0,0.35,1.2,3.1,0.387,8.7,22.6,0.383,0.0,0.3,0.0,2022-23,Playoffs
GSW,14.4,21.5,0.668,7.8,18.1,0.434,5.2,11.5,0.456,1.6,4.1,0.396,1.8,4.3,0.429,11.0,34.1,0.323,0.0,0.1,0.0,2022-23,Playoffs
,15.4,24.4,0.631,9.6,20.4,0.471,3.6,10.0,0.36,1.4,4.4,0.318,0.4,1.8,0.222,10.4,27.2,0.382,0.0,0.4,0.0,2022-23,Playoffs
LAL,15.5,23.1,0.672,9.9,20.8,0.479,5.5,13.1,0.421,1.1,3.4,0.327,1.4,3.3,0.434,7.5,23.3,0.322,0.1,0.2,0.333,2022-23,Playoffs
MEM,16.2,27.5,0.588,8.3,23.0,0.362,1.8,6.3,0.289,1.5,6.3,0.237,1.7,4.5,0.37,8.8,27.3,0.323,0.0,0.3,0.0,2022-23,Playoffs
MIA,14.0,22.0,0.638,7.5,18.6,0.403,5.4,12.6,0.431,1.9,4.5,0.427,1.7,4.3,0.384,9.2,24.7,0.373,0.0,0.1,0.0,2022-23,Playoffs
MIL,16.0,23.2,0.69,7.6,16.4,0.463,4.8,11.8,0.407,3.2,6.6,0.485,1.6,5.2,0.308,10.8,29.2,0.37,0.0,0.2,0.0,2022-23,Playoffs
MIN,16.4,25.8,0.636,8.0,17.4,0.46,2.2,7.2,0.306,2.6,6.0,0.433,1.2,4.0,0.3,7.4,22.0,0.336,0.0,0.2,0.0,2022-23,Playoffs
NYK,14.0,23.3,0.602,7.5,14.5,0.519,4.2,10.8,0.387,1.4,4.8,0.283,2.3,6.5,0.352,5.9,21.5,0.275,0.0,0.1,0.0,2022-23,Playoffs
PHI,12.5,21.5,0.585,7.5,17.9,0.421,4.5,10.7,0.415,1.8,5.3,0.345,2.2,4.6,0.471,8.2,23.9,0.342,0.0,0.1,0.0,2022-23,Playoffs
PHX,10.5,14.8,0.706,12.7,24.4,0.522,10.5,21.8,0.483,1.7,5.1,0.339,1.0,3.3,0.306,6.6,17.4,0.382,0.0,0.1,0.0,2022-23,Playoffs
SAC,13.1,19.9,0.662,11.0,25.0,0.44,4.7,11.0,0.429,1.9,5.7,0.325,1.0,4.3,0.233,9.3,29.4,0.316,0.0,0.3,0.0,2022-23,Playoffs
ATL,16.9,27.1,0.623,8.2,18.7,0.44,4.2,9.0,0.468,2.1,5.9,0.36,1.9,4.7,0.404,9.7,26.9,0.36,0.0,0.2,0.0,2023-24,Regular Season
BOS,16.9,24.1,0.703,6.6,14.6,0.454,3.9,9.1,0.431,1.9,4.6,0.421,2.1,4.7,0.439,12.5,33.0,0.377,0.0,0.1,0.091,2023-24,Regular Season
BKN,16.9,26.2,0.645,6.9,16.9,0.407,3.6,9.3,0.386,2.1,5.0,0.424,2.0,5.0,0.399,9.1,26.4,0.346,0.0,0.3,0.043,2023-24,Regular Season
CHA,17.2,26.4,0.652,6.7,16.1,0.417,4.0,10.5,0.382,1.5,4.4,0.347,1.3,3.5,0.379,9.2,25.9,0.356,0.0,0.3,0.0,2023-24,Regular Season
CHI,17.0,27.3,0.622,7.2,15.6,0.464,6.4,14.6,0.437,1.8,4.7,0.393,1.7,4.5,0.377,7.9,22.7,0.349,0.0,0.1,0.0,2023-24,Regular Season
CLE,18.0,27.4,0.658,7.0,16.0,0.438,3.2,6.9,0.462,1.7,4.8,0.36,1.7,4.4,0.382,10.1,27.5,0.368,0.0,0.1,0.091,2023-24,Regular Season
DAL,16.7,23.6,0.707,7.0,15.3,0.459,4.8,11.2,0.428,2.1,5.9,0.347,2.0,5.3,0.38,10.5,28.1,0.374,0.0,0.2,0.0,2023-24,Regular Season
DEN,18.6,28.6,0.651,8.1,16.7,0.488,5.6,12.3,0.455,1.5,4.3,0.361,1.4,3.5,0.413,8.7,23.2,0.376,0.0,0.3,0.0,2023-24,Regular Season
DET,17.0,26.3,0.644,8.0,18.8,0.428,4.9,11.4,0.426,1.4,4.4,0.314,1.9,4.6,0.407,7.8,22.5,0.347,0.0,0.3,0.0,2023-24,Regular Season
GSW,16.1,22.9,0.703,8.2,18.6,0.441,4.6,11.3,0.41,1.3,3.7,0.361,1.3,3.1,0.417,12.1,31.9,0.38,0.0,0.2,0.067,2023-24,Regular Season
HOU,18.0,28.1,0.64,7.0,16.8,0.416,4.1,9.9,0.412,1.2,3.2,0.38,1.4,3.3,0.408,10.1,29.3,0.346,0.0,0.3,0.0,2023-24,Regular Season
IND,20.5,29.9,0.685,8.5,18.0,0.473,4.9,9.6,0.505,1.6,4.0,0.395,2.0,4.6,0.421,9.6,26.4,0.365,0.0,0.1,0.0,2023-24,Regular Season
,16.6,24.8,0.67,8.6,17.9,0.482,4.5,10.9,0.414,1.9,4.5,0.418,1.7,4.2,0.401,9.0,24.3,0.372,0.0,0.1,0.0,2023-24,Regular Season
LAL,20.6,28.5,0.724,7.2,17.3,0.418,4.0,10.4,0.386,1.8,4.6,0.398,1.4,3.7,0.373,8.6,22.8,0.376,0.0,0.2,0.0,2023-24,Regular Season
MEM,15.4,25.5,0.606,7.6,18.6,0.408,2.3,6.3,0.362,1.9,5.3,0.355,1.5,4.5,0.342,9.7,27.8,0.348,0.0,0.3,0.0,2023-24,Regular Season
MIA,13.5,21.4,0.634,10.0,20.7,0.486,3.8,9.9,0.38,2.1,5.2,0.402,1.9,4.9,0.383,8.5,23.5,0.362,0.0,0.1,0.0,2023-24,Regular Season
MIL,18.0,25.4,0.708,5.6,13.1,0.428,5.4,12.0,0.45,2.0,4.8,0.407,2.2,5.3,0.416,10.0,27.8,0.36,0.0,0.1,0.0,2023-24,Regular Season
MIN,17.5,26.0,0.675,7.9,18.1,0.433,3.2,8.2,0.391,2.1,5.1,0.408,1.8,4.4,0.409,8.7,22.9,0.381,0.0,0.2,0.059,2023-24,Regular Season
NOP,17.6,26.7,0.659,8.1,18.3,0.441,4.4,9.8,0.445,1.7,4.1,0.429,2.1,5.0,0.424,8.6,23.4,0.37,0.0,0.3,0.045,2023-24,Regular Season
NYK,16.2,25.7,0.631,8.2,18.0,0.459,3.6,9.2,0.392,2.1,5.4,0.39,2.0,4.8,0.425,9.0,25.5,0.355,0.0,0.1,0.125,2023-24,Regular Season
OKC,18.1,26.8,0.675,8.2,17.5,0.468,5.0,10.9,0.46,2.2,5.3,0.423,1.4,3.5,0.399,9.6,25.3,0.381,0.0,0.1,0.0,2023-24,Regular Season
ORL,19.6,29.1,0.672,6.3,15.0,0.421,3.6,9.5,0.376,1.7,4.6,0.37,1.4,4.0,0.364,7.9,22.6,0.349,0.0,0.2,0.0,2023-24,Regular Season
PHI,17.7,28.0,0.631,7.5,17.9,0.42,4.2,10.2,0.416,1.5,3.8,0.387,1.5,3.7,0.407,9.1,25.7,0.354,0.0,0.1,0.0,2023-24,Regular Season
PHX,15.6,23.1,0.675,7.9,16.7,0.474,6.6,13.8,0.474,1.9,4.5,0.424,1.5,3.8,0.384,9.0,24.2,0.374,0.0,0.0,0.0,2023-24,Regular Season
POR,16.6,27.4,0.604,6.9,18.2,0.377,4.5,10.9,0.412,1.6,4.4,0.364,1.5,4.0,0.369,8.4,24.6,0.34,0.0,0.1,0.0,2023-24,Regular Season
SAC,16.1,23.4,0.687,9.4,19.4,0.482,3.5,8.8,0.399,2.2,5.7,0.388,1.6,4.3,0.382,10.5,29.2,0.36,0.0,0.1,0.0,2023-24,Regular Season
SAS,18.4,27.9,0.66,7.3,16.8,0.435,3.6,9.6,0.372,1.6,4.5,0.37,1.7,4.4,0.386,9.3,27.3,0.34,0.0,0.2,0.0,2023-24,Regular Season
TOR,19.2,28.5,0.675,7.8,18.9,0.412,3.8,9.2,0.406,1.7,4.3,0.385,1.6,4.4,0.369,8.2,24.2,0.339,0.0,0.1,0.0,2023-24,Regular Season
UTA,16.7,24.4,0.687,9.9,22.3,0.444,2.4,6.7,0.358,2.2,5.3,0.418,1.9,5.2,0.36,8.8,25.8,0.343,0.0,0.2,0.0,2023-24,Regular Season
WAS,19.9,28.5,0.697,7.5,18.9,0.399,3.2,8.4,0.377,1.6,4.4,0.377,1.6,4.0,0.392,9.1,27.0,0.339,0.0,0.2,0.063,2023-24,Regular Season
BOS,15.8,21.4,0.741,5.4,13.2,0.406,3.6,9.1,0.401,1.4,4.5,0.318,2.0,4.6,0.432,11.0,30.8,0.357,0.1,0.3,0.2,2023-24,Playoffs
CLE,17.0,26.1,0.652,6.9,15.6,0.444,3.2,8.9,0.355,0.7,2.7,0.25,0.5,2.9,0.171,9.2,26.8,0.342,0.0,0.4,0.0,2023-24,Playoffs
DAL,15.0,22.0,0.68,8.0,19.1,0.417,4.0,8.8,0.454,2.1,5.4,0.398,1.9,4.8,0.396,7.9,22.7,0.346,0.0,0.2,0.0,2023-24,Playoffs
DEN,16.8,26.1,0.645,7.4,16.7,0.445,4.2,10.8,0.385,1.8,4.8,0.362,1.5,4.0,0.375,7.2,22.3,0.321,0.1,0.4,0.2,2023-24,Playoffs
IND,17.5,25.9,0.677,8.1,16.6,0.489,6.9,13.0,0.529,1.3,3.6,0.355,2.1,4.7,0.438,8.9,24.3,0.366,0.0,0.2,0.0,2023-24,Playoffs
,11.7,23.2,0.504,9.3,19.3,0.483,2.8,8.0,0.354,1.0,4.8,0.207,2.7,4.7,0.571,8.2,22.2,0.368,0.0,0.0,0.0,2023-24,Playoffs
LAL,20.4,29.2,0.699,8.2,17.6,0.466,4.2,8.4,0.5,1.0,4.0,0.25,1.0,2.8,0.357,6.8,22.0,0.309,0.0,0.6,0.0,2023-24,Playoffs
MIA,9.6,12.2,0.787,11.2,25.8,0.434,3.6,9.2,0.391,1.2,3.4,0.353,1.4,3.6,0.389,8.6,26.8,0.321,0.0,0.2,0.0,2023-24,Playoffs
MIL,12.7,20.3,0.623,9.2,16.7,0.55,7.8,17.8,0.439,1.3,3.5,0.381,0.7,2.3,0.286,9.2,25.5,0.359,0.0,0.2,0.0,2023-24,Playoffs
MIN,16.8,26.3,0.638,6.3,15.4,0.411,4.0,8.7,0.46,2.2,5.3,0.417,1.7,5.1,0.329,7.8,22.0,0.355,0.0,0.2,0.0,2023-24,Playoffs
NOP,13.0,24.0,0.542,6.5,17.0,0.382,5.3,10.8,0.488,1.5,5.5,0.273,1.3,6.8,0.185,6.0,19.8,0.304,0.0,0.8,0.0,2023-24,Playoffs
NYK,15.5,26.5,0.583,7.5,17.8,0.418,4.9,11.7,0.421,1.2,3.8,0.32,1.3,3.8,0.347,9.3,23.8,0.39,0.1,0.3,0.25,2023-24,Playoffs
OKC,14.3,22.9,0.624,7.1,16.5,0.43,5.9,12.4,0.476,2.2,6.4,0.344,1.6,4.4,0.364,8.3,22.9,0.362,0.0,0.3,0.0,2023-24,Playoffs
ORL,14.0,25.4,0.551,4.9,13.1,0.37,6.1,12.1,0.506,1.1,3.3,0.348,1.4,5.6,0.256,7.7,24.4,0.316,0.0,0.0,0.0,2023-24,Playoffs
PHI,13.8,25.0,0.553,4.3,10.8,0.4,5.3,11.8,0.451,1.8,3.7,0.5,2.0,4.2,0.48,9.7,27.3,0.354,0.0,0.5,0.0,2023-24,Playoffs
PHX,15.3,24.8,0.616,4.5,12.3,0.367,6.0,12.8,0.471,1.3,3.0,0.417,0.5,2.5,0.2,7.8,20.3,0.383,0.0,0.3,0.0,2023-24,Playoffs
ATL,18.1,27.7,0.652,9.5,20.9,0.456,2.3,5.5,0.411,1.9,4.8,0.4,2.5,6.0,0.41,9.1,26.6,0.342,0.0,0.2,0.053,2024-25,Regular Season
BOS,14.5,20.6,0.706,6.1,13.4,0.454,3.2,7.8,0.415,1.8,4.8,0.371,1.9,4.8,0.408,14.0,38.5,0.365,0.0,0.2,0.0,2024-25,Regular Season
BKN,15.3,24.5,0.626,6.5,16.7,0.386,2.3,5.5,0.417,1.8,5.3,0.334,2.0,5.6,0.359,9.8,28.3,0.345,0.0,0.2,0.0,2024-25,Regular Season
CHA,15.3,24.4,0.626,7.2,18.8,0.383,2.8,7.5,0.376,1.9,5.1,0.363,1.6,4.3,0.38,9.5,28.6,0.331,0.0,0.3,0.0,2024-25,Regular Season
CHI,17.6,28.0,0.63,7.8,15.5,0.499,2.4,6.4,0.371,2.5,6.0,0.424,1.6,4.8,0.343,11.2,31.1,0.361,0.0,0.2,0.133,2024-25,Regular Season
CLE,17.1,25.2,0.678,8.5,17.0,0.502,3.0,7.1,0.424,2.3,5.6,0.408,2.0,5.0,0.396,11.6,30.7,0.378,0.0,0.1,0.091,2024-25,Regular Season
DAL,16.7,24.1,0.691,8.8,19.5,0.451,4.1,9.9,0.411,1.9,4.8,0.392,1.7,4.6,0.367,8.9,24.6,0.361,0.0,0.2,0.0,2024-25,Regular Season
DEN,20.6,30.1,0.683,8.7,18.0,0.484,4.1,9.7,0.426,1.7,4.0,0.428,1.4,3.3,0.413,8.9,24.2,0.368,0.0,0.5,0.053,2024-25,Regular Season
DET,17.5,26.5,0.66,9.0,19.4,0.462,3.5,8.5,0.405,1.5,3.9,0.378,1.9,4.9,0.381,9.5,26.4,0.36,0.0,0.2,0.0,2024-25,Regular Season
GSW,14.8,22.3,0.664,7.7,18.0,0.426,2.9,7.7,0.374,2.0,5.6,0.364,2.1,5.0,0.425,11.2,31.5,0.357,0.0,0.3,0.045,2024-25,Regular Season
HOU,17.6,27.1,0.649,8.1,20.1,0.405,4.1,10.3,0.396,1.3,3.5,0.369,1.6,4.3,0.372,9.8,27.9,0.351,0.0,0.2,0.0,2024-25,Regular Season
IND,16.8,24.6,0.681,8.7,17.8,0.492,4.9,11.2,0.437,1.8,4.4,0.399,2.0,4.9,0.412,9.4,26.2,0.359,0.0,0.3,0.0,2024-25,Regular Season
,15.9,23.8,0.669,9.8,21.2,0.461,3.4,7.8,0.434,1.5,4.0,0.381,1.7,4.2,0.419,9.2,25.1,0.366,0.0,0.1,0.0,2024-25,Regular Season
LAL,16.8,23.5,0.712,7.3,16.9,0.431,3.6,8.7,0.413,1.9,5.2,0.365,1.7,3.9,0.444,9.7,27.0,0.358,0.0,0.2,0.0,2024-25,Regular Season
MEM,16.7,24.5,0.682,11.3,24.8,0.457,2.8,6.1,0.458,2.1,5.8,0.364,1.6,4.3,0.371,10.2,27.6,0.371,0.0,0.3,0.043,2024-25,Regular Season
MIA,14.6,22.5,0.649,9.0,19.8,0.453,3.2,7.4,0.429,2.5,6.1,0.404,1.9,4.9,0.381,9.4,26.1,0.359,0.0,0.2,0.0,2024-25,Regular Season
MIL,16.4,23.9,0.687,5.7,13.0,0.44,5.7,12.8,0.444,2.1,4.6,0.45,2.0,4.7,0.427,10.1,27.2,0.37,0.0,0.2,0.154,2024-25,Regular Season
MIN,17.0,25.1,0.675,6.6,16.2,0.409,2.4,6.4,0.375,2.3,5.6,0.411,1.9,4.8,0.385,10.9,29.1,0.373,0.0,0.3,0.0,2024-25,Regular Season
NOP,17.0,27.0,0.63,7.9,19.1,0.412,3.7,9.0,0.408,1.7,4.4,0.391,1.7,4.7,0.355,8.6,25.5,0.339,0.0,0.1,0.0,2024-25,Regular Season
NYK,18.4,27.9,0.66,7.8,17.0,0.461,4.5,10.2,0.44,1.9,5.2,0.362,2.0,5.0,0.405,8.7,23.7,0.366,0.0,0.2,0.0,2024-25,Regular Season
OKC,16.5,24.3,0.679,9.1,19.5,0.467,4.5,10.1,0.448,1.9,4.8,0.395,1.6,3.9,0.408,11.1,30.1,0.368,0.0,0.1,0.0,2024-25,Regular Season
ORL,16.0,24.3,0.661,6.9,16.1,0.426,4.0,10.1,0.399,1.7,5.1,0.332,1.8,4.7,0.379,7.7,25.1,0.308,0.0,0.3,0.0,2024-25,Regular Season
PHI,17.2,26.7,0.644,6.3,14.8,0.422,3.6,8.7,0.41,1.5,3.9,0.384,1.5,4.1,0.377,9.6,28.9,0.334,0.0,0.3,0.0,2024-25,Regular Season
PHX,11.5,16.1,0.714,9.6,20.4,0.47,5.8,11.8,0.489,2.7,6.1,0.438,2.3,5.6,0.402,9.4,26.1,0.36,0.0,0.1,0.0,2024-25,Regular Season
POR,18.8,29.6,0.633,5.7,15.3,0.371,3.2,7.6,0.427,1.6,4.5,0.345,1.8,5.0,0.362,9.5,28.0,0.34,0.0,0.2,0.053,2024-25,Regular Season
SAC,14.1,20.3,0.694,9.9,19.6,0.505,6.5,15.0,0.432,2.2,5.3,0.418,1.2,3.3,0.364,9.2,26.5,0.347,0.0,0.2,0.0,2024-25,Regular Season
SAS,18.1,27.2,0.666,5.8,13.9,0.419,3.7,9.1,0.409,2.0,5.2,0.376,2.1,5.1,0.407,10.1,29.0,0.347,0.0,0.2,0.0,2024-25,Regular Season
TOR,18.6,30.0,0.621,8.1,19.2,0.421,3.1,7.8,0.396,1.9,5.2,0.364,1.9,4.9,0.394,8.0,23.6,0.339,0.0,0.3,0.0,2024-25,Regular Season
UTA,13.7,20.5,0.667,10.3,22.0,0.468,2.4,6.4,0.375,2.4,5.9,0.399,2.2,5.4,0.4,9.4,28.3,0.332,0.0,0.2,0.067,2024-25,Regular Season
WAS,16.0,23.8,0.672,7.1,18.4,0.387,3.2,8.5,0.375,1.4,3.9,0.352,1.0,3.1,0.331,10.7,31.9,0.336,0.0,0.3,0.0,2024-25,Regular Season
BOS,14.5,20.1,0.724,4.2,13.9,0.301,3.8,9.6,0.396,0.9,3.2,0.286,1.6,3.8,0.421,11.8,32.2,0.367,0.0,0.5,0.0,2024-25,Playoffs
CLE,15.1,22.8,0.663,9.6,18.9,0.506,1.3,5.1,0.261,1.9,3.9,0.486,1.3,4.4,0.3,11.7,32.1,0.363,0.0,0.6,0.0,2024-25,Playoffs
DEN,14.8,23.4,0.633,7.6,17.9,0.422,4.4,11.0,0.396,1.9,5.8,0.333,1.0,4.2,0.237,8.9,23.4,0.381,0.0,0.8,0.0,2024-25,Playoffs
DET,15.8,25.0,0.633,6.8,15.8,0.432,4.3,10.5,0.413,1.3,4.5,0.296,1.7,4.7,0.357,7.2,21.8,0.328,0.0,0.3,0.0,2024-25,Playoffs
GSW,13.1,20.6,0.636,6.8,17.7,0.382,3.3,8.5,0.392,2.5,6.9,0.361,1.1,4.7,0.232,10.1,26.7,0.378,0.0,0.5,0.0,2024-25,Playoffs
HOU,12.7,20.0,0.636,10.7,25.4,0.421,2.7,8.6,0.317,1.3,3.3,0.391,1.1,4.3,0.267,8.1,20.1,0.404,0.0,0.6,0.0,2024-25,Playoffs
IND,13.6,20.7,0.655,7.6,16.4,0.462,6.5,13.5,0.481,1.5,3.6,0.422,2.8,5.7,0.485,8.9,24.1,0.368,0.0,0.3,0.0,2024-25,Playoffs
,15.3,22.0,0.695,11.4,23.4,0.488,2.4,6.1,0.395,1.6,5.1,0.306,1.7,4.6,0.375,8.7,23.0,0.379,0.0,0.3,0.0,2024-25,Playoffs
LAL,12.4,18.4,0.674,5.0,13.2,0.379,3.6,8.4,0.429,2.6,6.2,0.419,1.6,4.2,0.381,9.4,28.2,0.333,0.0,0.2,0.0,2024-25,Playoffs
MEM,12.0,17.3,0.696,9.5,25.3,0.376,4.0,9.8,0.41,1.0,3.8,0.267,1.5,4.5,0.333,7.8,25.8,0.301,0.3,0.5,0.5,2024-25,Playoffs
MIA,8.3,12.8,0.647,11.5,19.5,0.59,2.8,9.5,0.289,2.3,6.3,0.36,2.0,5.8,0.348,9.5,27.8,0.342,0.0,0.0,0.0,2024-25,Playoffs
MIL,15.4,22.6,0.681,5.0,13.0,0.385,5.0,14.2,0.352,1.8,4.8,0.375,1.6,4.0,0.4,11.0,28.8,0.382,0.0,0.4,0.0,2024-25,Playoffs
MIN,16.5,26.1,0.63,7.7,16.3,0.469,2.1,5.9,0.348,1.8,5.7,0.318,2.5,5.7,0.43,9.0,25.3,0.355,0.0,0.3,0.0,2024-25,Playoffs
NYK,14.7,23.3,0.629,8.9,19.0,0.468,4.8,12.5,0.382,1.7,4.9,0.341,1.6,4.2,0.387,7.8,22.3,0.349,0.0,0.3,0.0,2024-25,Playoffs
OKC,16.1,24.9,0.647,8.2,18.2,0.45,4.9,11.7,0.415,1.7,5.0,0.33,1.8,3.8,0.483,8.3,26.0,0.322,0.0,0.3,0.0,2024-25,Playoffs
ORL,13.6,19.2,0.708,6.6,17.4,0.379,7.2,16.6,0.434,1.2,4.6,0.261,0.5,3.5,0.143,6.6,23.4,0.282,0.0,0.4,0.0,2024-25,Playoffs
ATL,17.5,26.5,0.661,8.3,18.7,0.445,3.1,7.3,0.427,1.9,5.0,0.382,2.3,5.7,0.397,10.5,28.8,0.364,0.0,0.0,1.0,2025-26,Regular Season
BOS,13.5,19.0,0.714,8.6,18.0,0.479,4.5,11.2,0.408,1.7,4.0,0.426,1.4,3.4,0.406,12.4,34.8,0.356,0.0,0.0,0.0,2025-26,Regular Season
BKN,16.0,24.8,0.646,6.0,15.1,0.4,2.3,6.1,0.371,1.9,4.8,0.389,1.7,4.8,0.35,9.5,28.8,0.331,0.0,0.0,0.0,2025-26,Regular Season
CHA,15.3,23.2,0.659,7.4,17.1,0.43,1.9,5.3,0.363,2.2,5.3,0.414,2.0,4.6,0.444,12.1,33.3,0.363,0.0,0.0,0.667,2025-26,Regular Season
CHI,20.1,31.9,0.632,6.4,14.5,0.441,1.6,4.1,0.405,2.0,5.6,0.346,2.0,5.0,0.404,10.3,29.5,0.349,0.0,0.0,1.0,2025-26,Regular Season
CLE,17.6,25.9,0.679,8.4,17.6,0.478,3.0,6.7,0.452,1.9,4.8,0.402,1.6,4.8,0.345,10.7,30.2,0.355,0.0,0.0,0.0,2025-26,Regular Season
DAL,17.0,25.9,0.656,9.4,20.5,0.459,4.5,11.5,0.39,1.8,5.1,0.346,1.8,4.5,0.4,7.4,22.3,0.332,0.0,0.0,0.0,2025-26,Regular Season
DEN,16.1,23.6,0.683,8.7,18.2,0.477,4.6,10.2,0.451,2.2,4.8,0.458,2.0,4.7,0.425,9.9,26.2,0.378,0.0,0.0,1.0,2025-26,Regular Season
DET,20.5,30.4,0.673,8.5,20.0,0.424,3.5,8.2,0.421,1.5,4.2,0.35,2.0,5.0,0.392,7.6,21.7,0.349,0.0,0.0,1.0,2025-26,Regular Season
GSW,15.9,22.8,0.696,6.6,14.9,0.444,2.8,7.0,0.397,2.5,6.1,0.404,2.2,5.5,0.39,11.0,32.4,0.34,0.0,0.0,1.0,2025-26,Regular Season
HOU,16.3,24.5,0.664,10.3,21.7,0.475,4.9,12.1,0.407,1.5,4.3,0.361,2.0,5.2,0.384,7.9,21.9,0.36,0.0,0.0,0.5,2025-26,Regular Season
IND,15.7,24.1,0.651,7.4,16.6,0.444,4.4,10.8,0.405,1.4,4.0,0.355,1.9,4.9,0.385,10.0,28.6,0.351,0.0,0.0,0.0,2025-26,Regular Season
,15.9,22.5,0.706,8.8,19.1,0.462,3.4,8.2,0.414,2.0,4.5,0.442,1.6,4.1,0.387,8.8,25.2,0.351,0.0,0.0,0.0,2025-26,Regular Season
LAL,16.7,22.4,0.744,9.3,18.9,0.494,4.2,9.4,0.446,1.6,4.7,0.348,1.3,3.7,0.344,8.9,24.5,0.364,0.0,0.0,0.0,2025-26,Regular Season
MEM,14.8,22.9,0.646,9.5,20.6,0.463,3.1,7.6,0.403,1.8,5.3,0.336,1.7,4.2,0.401,10.5,30.0,0.349,0.0,0.0,1.0,2025-26,Regular Season
MIA,17.8,26.9,0.663,9.5,21.5,0.442,2.7,7.0,0.38,2.2,5.7,0.391,1.5,4.1,0.355,10.0,28.1,0.356,0.0,0.0,0.5,2025-26,Regular Season
MIL,15.3,21.8,0.701,5.7,13.4,0.422,4.7,11.2,0.422,2.6,6.1,0.432,2.2,5.3,0.427,10.2,27.7,0.37,0.0,0.0,0.0,2025-26,Regular Season
MIN,17.8,26.1,0.681,7.4,16.4,0.45,3.7,8.8,0.419,2.0,5.0,0.395,1.7,4.6,0.374,10.1,27.6,0.365,0.0,0.0,0.0,2025-26,Regular Season
NOP,22.2,34.8,0.639,6.7,17.3,0.384,2.1,6.3,0.341,1.6,3.9,0.399,1.4,3.7,0.382,8.2,24.5,0.333,0.0,0.0,0.0,2025-26,Regular Season
NYK,16.7,25.2,0.663,7.2,15.8,0.456,4.5,10.2,0.445,2.5,5.9,0.421,2.5,6.1,0.41,9.3,26.2,0.353,0.0,0.0,0.0,2025-26,Regular Season
OKC,17.1,24.9,0.686,7.5,16.7,0.451,4.6,9.6,0.482,2.0,5.5,0.364,1.5,3.8,0.409,10.3,28.7,0.359,0.0,0.0,0.0,2025-26,Regular Season
ORL,18.3,27.6,0.661,7.3,17.7,0.41,3.8,8.8,0.425,2.1,5.1,0.4,1.7,4.6,0.369,8.0,24.4,0.326,0.0,0.0,1.0,2025-26,Regular Season
PHI,18.5,28.7,0.642,6.6,16.1,0.412,4.3,10.1,0.424,1.5,4.3,0.355,1.5,3.9,0.396,9.3,27.1,0.342,0.0,0.0,1.0,2025-26,Regular Season
PHX,14.0,21.1,0.664,7.6,17.2,0.441,4.7,11.0,0.424,2.0,5.1,0.388,1.6,4.1,0.401,11.1,31.6,0.352,0.0,0.0,0.5,2025-26,Regular Season
POR,19.0,28.6,0.664,5.2,13.4,0.384,2.2,5.8,0.38,1.9,5.2,0.369,1.7,5.6,0.309,10.8,31.5,0.344,0.0,0.0,0.0,2025-26,Regular Season
SAC,14.0,20.1,0.695,11.4,24.4,0.465,6.0,14.3,0.417,1.5,4.2,0.369,1.1,3.2,0.335,7.7,22.8,0.336,0.0,0.0,0.0,2025-26,Regular Season
SAS,19.0,28.0,0.679,7.0,15.4,0.459,3.7,8.6,0.436,2.3,6.0,0.382,2.5,6.4,0.398,8.8,25.5,0.344,0.0,0.0,0.0,2025-26,Regular Season
TOR,18.2,26.7,0.683,8.4,19.0,0.442,4.6,10.6,0.438,1.9,4.5,0.409,1.6,4.5,0.37,7.9,23.1,0.34,0.0,0.0,0.0,2025-26,Regular Season
UTA,15.8,23.5,0.672,10.6,21.9,0.484,3.5,9.0,0.391,2.2,5.7,0.384,1.8,4.9,0.379,8.6,26.1,0.329,0.0,0.0,0.0,2025-26,Regular Season
WAS,16.9,24.7,0.682,7.0,17.8,0.392,4.9,11.5,0.429,1.6,4.1,0.387,1.6,3.9,0.399,9.9,28.4,0.349,0.0,0.0,0.0,2025-26,Regular Season
ATL,16.5,24.0,0.688,5.5,15.0,0.367,3.2,8.3,0.38,2.0,5.8,0.343,1.8,5.3,0.344,7.5,25.2,0.298,0.0,0.0,0.0,2025-26,Playoffs
BOS,12.6,17.7,0.71,6.0,14.0,0.429,4.0,10.0,0.4,1.0,4.1,0.241,1.0,4.1,0.241,13.6,37.9,0.358,0.0,0.0,0.0,2025-26,Playoffs
CLE,14.3,21.0,0.683,7.8,17.1,0.455,2.8,5.8,0.486,1.7,4.7,0.357,1.7,4.6,0.366,9.2,28.9,0.317,0.0,0.0,0.0,2025-26,Playoffs
DEN,14.3,22.7,0.632,7.3,16.8,0.436,4.7,11.7,0.4,1.5,3.2,0.474,1.5,4.3,0.346,6.8,24.3,0.281,0.2,0.3,0.5,2025-26,Playoffs
DET,14.9,22.9,0.651,7.4,20.5,0.359,4.4,10.2,0.434,1.4,3.6,0.38,1.4,4.3,0.333,7.9,22.0,0.36,0.0,0.0,0.0,2025-26,Playoffs
HOU,15.7,24.0,0.653,7.5,20.8,0.36,2.0,8.0,0.25,1.7,5.2,0.323,1.8,5.0,0.367,6.5,23.0,0.283,0.0,0.0,0.0,2025-26,Playoffs
LAL,14.6,22.5,0.649,7.9,19.6,0.403,3.7,8.4,0.44,1.6,3.3,0.485,1.5,3.4,0.441,7.3,20.2,0.361,0.0,0.1,0.0,2025-26,Playoffs
MIN,18.1,29.4,0.615,7.3,19.8,0.366,4.0,10.8,0.372,2.1,4.5,0.463,1.6,3.8,0.422,6.8,22.9,0.298,0.0,0.0,0.0,2025-26,Playoffs
NYK,20.1,29.6,0.681,6.5,13.6,0.476,3.8,8.6,0.442,1.9,4.4,0.435,2.1,5.1,0.403,9.1,23.3,0.393,0.0,0.0,0.0,2025-26,Playoffs
OKC,14.9,21.7,0.688,8.1,17.2,0.469,5.6,12.8,0.44,2.2,5.7,0.392,2.1,5.2,0.403,9.5,25.8,0.367,0.0,0.0,0.0,2025-26,Playoffs
ORL,10.9,19.7,0.551,6.7,19.0,0.353,4.4,10.7,0.413,2.1,5.4,0.395,1.4,3.9,0.37,7.6,24.7,0.306,0.0,0.0,0.0,2025-26,Playoffs
PHI,14.3,21.5,0.665,5.9,14.7,0.401,5.9,14.1,0.419,1.4,3.4,0.405,1.4,3.8,0.357,8.4,25.6,0.326,0.0,0.0,0.0,2025-26,Playoffs
PHX,9.5,16.0,0.594,9.3,18.5,0.5,7.0,14.3,0.491,1.8,5.0,0.35,0.8,2.8,0.273,10.3,29.5,0.347,0.0,0.3,0.0,2025-26,Playoffs
POR,16.0,27.8,0.576,4.4,13.4,0.328,3.8,9.2,0.413,2.8,6.8,0.412,0.4,4.4,0.091,8.4,27.2,0.309,0.0,0.0,0.0,2025-26,Playoffs
SAS,19.1,29.1,0.656,6.1,14.3,0.425,3.1,8.6,0.355,1.7,5.1,0.329,1.8,5.4,0.333,8.9,24.1,0.371,0.1,0.1,1.0,2025-26,Playoffs
TOR,18.1,29.0,0.626,7.3,16.7,0.436,4.3,11.3,0.38,1.3,4.4,0.29,1.3,3.3,0.391,8.0,22.0,0.364,0.0,0.0,0.0,2025-26,Playoffs
